Time,Actual,Predicted
0,0.0753268055279334,
1,0.0690600257144033,
2,0.0627905195293148,
3,0.0565185344820228,
4,0.0502443181797718,
5,0.043968118317864,
6,0.0376901826699304,
7,0.0314107590781281,
8,0.0251300954433342,
9,0.0188484397154088,
10,0.0125660398833501,
11,0.0062831439655603,
12,-1.7157434800794713e-15,
13,-0.006283143965556701,
14,-0.0125660398833535,
15,-0.0188484397154122,
16,-0.0251300954433376,
17,-0.0314107590781316,
18,-0.0376901826699339,
19,-0.0439681183178674,
20,-0.0502443181797681,
21,-0.0565185344820262,
22,-0.0627905195293111,
23,-0.0690600257144067,
24,-0.0753268055279368,
25,-0.0815906115681577,
26,-0.0878511965507465,
27,-0.0941083133185137,
28,-0.1003617148512174,
29,-0.1066111542752585,
30,-0.11285638487348341,
31,-0.1190971600948676,
32,-0.1253332335643052,
33,-0.1315643590922866,
34,-0.1377902906846382,
35,-0.1440107825522555,
36,-0.1502255891207565,
37,-0.1564344650402334,
38,-0.1626371651948822,
39,-0.1688334447127356,
40,-0.1750230589752739,
41,-0.1812057636271383,
42,-0.1873813145857287,
43,-0.19354946805086054,
44,-0.1997099805144103,
45,-0.2058626087698808,
46,-0.2120071099220572,
47,-0.2181432413965412,
48,-0.2242707609493829,
49,-0.23038942667658852,
50,-0.2364989970237257,
51,-0.2425992307954115,
52,-0.248689887164855,
53,-0.2547707256833855,
54,-0.2608415062898964,
55,-0.2669019893203781,
56,-0.272951935517324,
57,-0.278991106039231,
58,-0.2850192624699741,
59,-0.2910361668282729,
60,-0.2970415815770389,
61,-0.3030352696327743,
62,-0.3090169943749507,
63,-0.3149865196553043,
64,-0.320943609807212,
65,-0.3268880296549413,
66,-0.3328195445229884,
67,-0.3387379202452895,
68,-0.3446429231745181,
69,-0.350534320191263,
70,-0.35641187871325103,
71,-0.3622753667045489,
72,-0.3681245526846776,
73,-0.3739592057378029,
74,-0.37977909552180006,
75,-0.3855839922773983,
76,-0.39137366683720065,
77,-0.3971478906347817,
78,-0.4029064357136666,
79,-0.4086490747363493,
80,-0.4143755809932873,
81,-0.42008572841180586,
82,-0.4257792915650751,
83,-0.4314560456809579,
84,-0.4371157666509347,
85,-0.4427582310388998,
86,-0.44838321609003323,
87,-0.4539904997395507,
88,-0.4595798606214882,
89,-0.4651510780774615,
90,-0.4707039321653322,
91,-0.4762382036679415,
92,-0.4817536741017142,
93,-0.48725012572533394,
94,-0.4927273415482899,
95,-0.4981851053394919,
96,-0.5036232016357647,
97,-0.5090414157503717,
98,-0.5144395337815095,
99,-0.5198173426207092,
100,-0.5251746299612982,
101,-0.5305111843067332,
102,-0.5358267949789983,
103,-0.5411212521268742,
104,-0.5463943467342701,
105,-0.551645870628434,
106,-0.5568756164881884,
107,-0.5620833778521336,
108,-0.5672689491267563,
109,-0.5724321255945932,
110,-0.5775727034222667,
111,-0.5826904796685778,
112,-0.5877852522924716,
113,-0.5928568201610603,
114,-0.5979049830575225,
115,-0.6029295416890251,
116,-0.6079302976946083,
117,-0.6129070536529763,
118,-0.6178596130903367,
119,-0.6227877804881117,
120,-0.6276913612907021,
121,-0.632570161913123,
122,-0.6374239897486907,
123,-0.6422526531765879,
124,-0.6470559615694448,
125,-0.6518337253008816,
126,-0.6565857557529563,
127,-0.661311865323654,
128,-0.6660118674342509,
129,-0.6706855765367217,
130,-0.6753328081210231,
131,-0.6799533787224202,
132,-0.684547105928692,
133,-0.6891138083873489,
134,-0.6936533058128077,
135,-0.6981654189934725,
136,-0.7026499697988513,
137,-0.7071067811865468,
138,-0.711535677209287,
139,-0.7159364830218299,
140,-0.7203090248879078,
141,-0.7246531301870499,
142,-0.7289686274214121,
143,-0.7332553462225625,
144,-0.7375131173581738,
145,-0.7417417727387412,
146,-0.7459411454241816,
147,-0.750111069630461,
148,-0.7542513807361028,
149,-0.7583619152887228,
150,-0.7624425110114509,
151,-0.7664930068093502,
152,-0.7705132427757916,
153,-0.7745030601987337,
154,-0.7784623015670253,
155,-0.7823908105765874,
156,-0.7862884321366203,
157,-0.7901550123756893,
158,-0.7939903986478363,
159,-0.7977944395385695,
160,-0.801566984870877,
161,-0.8053078857111242,
162,-0.8090169943749475,
163,-0.8126941644330957,
164,-0.8163392507171835,
165,-0.8199521093254536,
166,-0.8235325976284265,
167,-0.8270805742745627,
168,-0.8305958991958112,
169,-0.8340784336131717,
170,-0.8375280400421439,
171,-0.8409445822981689,
172,-0.8443279255020167,
173,-0.8476779360850828,
174,-0.8509944817946932,
175,-0.8542774316992944,
176,-0.8575266561936531,
177,-0.8607420270039424,
178,-0.8639234171928357,
179,-0.867070701164492,
180,-0.8701837546695257,
181,-0.8732624548099217,
182,-0.8763066800438633,
183,-0.8793163101905573,
184,-0.8822912264349525,
185,-0.8852313113324559,
186,-0.8881364488135435,
187,-0.8910065241883683,
188,-0.8938414241512656,
189,-0.8966410367852359,
190,-0.8994052515663724,
191,-0.9021339593682023,
192,-0.9048270524660206,
193,-0.9074844245411166,
194,-0.9101059706849964,
195,-0.912691587403502,
196,-0.9152411726209181,
197,-0.9177546256839829,
198,-0.9202318473658704,
199,-0.922672739870116,
200,-0.9250772068344576,
201,-0.9274451533346625,
202,-0.9297764858882508,
203,-0.9320711124582116,
204,-0.9343289424566112,
205,-0.9365498867481926,
206,-0.9387338576538756,
207,-0.9408807689542256,
208,-0.9429905358928656,
209,-0.9450630751798046,
210,-0.9470983049947452,
211,-0.9490961449902942,
212,-0.951056516295154,
213,-0.952979341517218,
214,-0.9548645447466432,
215,-0.9567120515588315,
216,-0.9585217890173761,
217,-0.960293685676944,
218,-0.9620276715860856,
219,-0.9637236782900104,
220,-0.9653816388332735,
221,-0.9670014877624353,
222,-0.9685831611286304,
223,-0.9701265964901061,
224,-0.9716317329146749,
225,-0.9730985109821266,
226,-0.974526872786578,
227,-0.9759167619387472,
228,-0.977268123568194,
229,-0.9785809043254718,
230,-0.9798550523842472,
231,-0.9810905174433335,
232,-0.9822872507286888,
233,-0.9834452049953304,
234,-0.9845643345292054,
235,-0.9856445951489986,
236,-0.9866859442078681,
237,-0.987688340595138,
238,-0.9886517447379138,
239,-0.9895761186026512,
240,-0.9904614256966511,
241,-0.9913076310695067,
242,-0.9921147013144784,
243,-0.9928826045698136,
244,-0.993611310520009,
245,-0.9943007903969987,
246,-0.9949510169813004,
247,-0.99556196460308,
248,-0.9961336091431726,
249,-0.9966659280340298,
250,-0.9971589002606139,
251,-0.9976125063612253,
252,-0.9980267284282717,
253,-0.9984015501089752,
254,-0.9987369566060176,
255,-0.9990329346781248,
256,-0.9992894726405891,
257,-0.9995065603657315,
258,-0.9996841892833,
259,-0.9998223523808092,
260,-0.9999210442038162,
261,-0.9999802608561372,
262,-1.0,
263,-0.9999802608561372,
264,-0.999921044203816,
265,-0.9998223523808092,
266,-0.9996841892833,
267,-0.9995065603657315,
268,-0.9992894726405891,
269,-0.9990329346781246,
270,-0.9987369566060176,
271,-0.9984015501089747,
272,-0.9980267284282717,
273,-0.9976125063612251,
274,-0.9971589002606139,
275,-0.9966659280340298,
276,-0.9961336091431726,
277,-0.99556196460308,
278,-0.9949510169812996,
279,-0.9943007903969987,
280,-0.993611310520008,
281,-0.9928826045698136,
282,-0.9921147013144777,
283,-0.9913076310695067,
284,-0.9904614256966511,
285,-0.9895761186026512,
286,-0.9886517447379138,
287,-0.9876883405951372,
288,-0.9866859442078681,
289,-0.9856445951489974,
290,-0.9845643345292054,
291,-0.9834452049953292,
292,-0.9822872507286888,
293,-0.9810905174433338,
294,-0.9798550523842472,
295,-0.9785809043254718,
296,-0.9772681235681926,
297,-0.9759167619387472,
298,-0.9745268727865762,
299,-0.9730985109821266,
300,-0.9716317329146733,
301,-0.9701265964901061,
302,-0.9685831611286305,
303,-0.9670014877624356,
304,-0.9653816388332735,
305,-0.9637236782900084,
306,-0.9620276715860858,
307,-0.960293685676942,
308,-0.9585217890173761,
309,-0.9567120515588295,
310,-0.9548645447466432,
311,-0.9529793415172183,
312,-0.9510565162951542,
313,-0.9490961449902942,
314,-0.9470983049947427,
315,-0.9450630751798047,
316,-0.9429905358928631,
317,-0.9408807689542256,
318,-0.9387338576538732,
319,-0.9365498867481928,
320,-0.9343289424566112,
321,-0.9320711124582116,
322,-0.9297764858882508,
323,-0.9274451533346596,
324,-0.9250772068344578,
325,-0.9226727398701134,
326,-0.9202318473658704,
327,-0.91775462568398,
328,-0.9152411726209181,
329,-0.912691587403502,
330,-0.9101059706849964,
331,-0.9074844245411166,
332,-0.9048270524660176,
333,-0.9021339593682026,
334,-0.8994052515663694,
335,-0.896641036785236,
336,-0.8938414241512624,
337,-0.8910065241883683,
338,-0.8881364488135437,
339,-0.8852313113324561,
340,-0.8822912264349526,
341,-0.8793163101905541,
342,-0.8763066800438635,
343,-0.8732624548099184,
344,-0.8701837546695257,
345,-0.8670707011644886,
346,-0.8639234171928357,
347,-0.8607420270039426,
348,-0.8575266561936532,
349,-0.8542774316992946,
350,-0.8509944817946895,
351,-0.8476779360850829,
352,-0.8443279255020131,
353,-0.8409445822981692,
354,-0.8375280400421401,
355,-0.8340784336131717,
356,-0.8305958991958116,
357,-0.8270805742745627,
358,-0.8235325976284267,
359,-0.8199521093254497,
360,-0.8163392507171836,
361,-0.8126941644330917,
362,-0.8090169943749476,
363,-0.8053078857111203,
364,-0.8015669848708771,
365,-0.7977944395385697,
366,-0.7939903986478364,
367,-0.7901550123756896,
368,-0.7862884321366159,
369,-0.7823908105765877,
370,-0.778462301567021,
371,-0.7745030601987339,
372,-0.7705132427757873,
373,-0.7664930068093504,
374,-0.7624425110114463,
375,-0.758361915288723,
376,-0.7542513807361029,
377,-0.750111069630461,
378,-0.7459411454241816,
379,-0.7417417727387366,
380,-0.7375131173581739,
381,-0.733255346222558,
382,-0.7289686274214121,
383,-0.724653130187045,
384,-0.720309024887908,
385,-0.7159364830218301,
386,-0.711535677209287,
387,-0.707106781186547,
388,-0.7026499697988464,
389,-0.6981654189934727,
390,-0.6936533058128027,
391,-0.689113808387349,
392,-0.684547105928687,
393,-0.6799533787224203,
394,-0.6753328081210233,
395,-0.6706855765367218,
396,-0.666011867434251,
397,-0.6613118653236489,
398,-0.6565857557529564,
399,-0.6518337253008764,
400,-0.6470559615694449,
401,-0.6422526531765825,
402,-0.637423989748691,
403,-0.6325701619131232,
404,-0.6276913612907024,
405,-0.6227877804881119,
406,-0.6178596130903312,
407,-0.6129070536529765,
408,-0.6079302976946028,
409,-0.6029295416890254,
410,-0.5979049830575169,
411,-0.5928568201610604,
412,-0.5877852522924718,
413,-0.5826904796685779,
414,-0.577572703422267,
415,-0.5724321255945876,
416,-0.5672689491267564,
417,-0.5620833778521279,
418,-0.5568756164881886,
419,-0.5516458706284282,
420,-0.5463943467342703,
421,-0.5411212521268745,
422,-0.5358267949789985,
423,-0.5305111843067333,
424,-0.5251746299612923,
425,-0.5198173426207094,
426,-0.5144395337815036,
427,-0.5090414157503719,
428,-0.5036232016357587,
429,-0.49818510533949206,
430,-0.4927273415482901,
431,-0.4872501257253342,
432,-0.4817536741017145,
433,-0.4762382036679355,
434,-0.4707039321653324,
435,-0.4651510780774554,
436,-0.4595798606214884,
437,-0.4539904997395446,
438,-0.4483832160900335,
439,-0.44275823103890005,
440,-0.4371157666509349,
441,-0.4314560456809581,
442,-0.4257792915650689,
443,-0.42008572841180614,
444,-0.4143755809932811,
445,-0.4086490747363496,
446,-0.4029064357136603,
447,-0.3971478906347819,
448,-0.39137366683720076,
449,-0.3855839922773986,
450,-0.37977909552180017,
451,-0.3739592057377966,
452,-0.3681245526846778,
453,-0.3622753667045426,
454,-0.3564118787132512,
455,-0.3505343201912566,
456,-0.3446429231745183,
457,-0.3387379202452897,
458,-0.3328195445229887,
459,-0.3268880296549415,
460,-0.3209436098072055,
461,-0.3149865196553046,
462,-0.3090169943749442,
463,-0.3030352696327745,
464,-0.2970415815770324,
465,-0.2910361668282731,
466,-0.2850192624699744,
467,-0.2789911060392313,
468,-0.2729519355173242,
469,-0.2669019893203715,
470,-0.2608415062898966,
471,-0.2547707256833789,
472,-0.2486898871648553,
473,-0.2425992307954048,
474,-0.2364989970237259,
475,-0.23038942667658877,
476,-0.2242707609493832,
477,-0.2181432413965415,
478,-0.21200710992205052,
479,-0.205862608769881,
480,-0.1997099805144036,
481,-0.19354946805086073,
482,-0.187381314585722,
483,-0.18120576362713864,
484,-0.1750230589752742,
485,-0.1688334447127359,
486,-0.1626371651948825,
487,-0.1564344650402266,
488,-0.1502255891207567,
489,-0.1440107825522487,
490,-0.1377902906846385,
491,-0.1315643590922798,
492,-0.1253332335643054,
493,-0.1190971600948678,
494,-0.1128563848734837,
495,-0.10661115427525872,
496,-0.1003617148512106,
497,-0.09410831331851391,
498,-0.0878511965507396,
499,-0.0815906115681579,
500,-0.07532680552793,
501,-0.069060025714407,
502,-0.0627905195293114,
503,-0.0565185344820265,
504,-0.0502443181797683,
505,-0.0439681183178605,
506,-0.0376901826699341,
507,-0.0314107590781247,
508,-0.025130095443337802,
509,-0.0188484397154054,
510,-0.012566039883353699,
511,-0.0062831439655569,
512,-1.959434878635765e-15,
513,0.0062831439655600995,
514,0.0125660398833569,
515,0.0188484397154085,
516,0.025130095443341,
517,0.0314107590781279,
518,0.0376901826699373,
519,0.0439681183178637,
520,0.050244318179771506,0.4412228763103485
521,0.0565185344820226,0.44658640027046204
522,0.0627905195293146,0.46384695172309875
523,0.0690600257144101,0.4515666365623474
524,0.0753268055279331,0.4463861286640167
525,0.0815906115681611,0.45664557814598083
526,0.0878511965507428,0.4826754033565521
527,0.0941083133185171,0.47508811950683594
528,0.1003617148512137,0.48174890875816345
529,0.1066111542752619,0.488257497549057
530,0.11285638487347979,0.4804306626319885
531,0.119097160094871,0.5066585540771484
532,0.1253332335643086,0.48340192437171936
533,0.1315643590922829,0.5070747137069702
534,0.1377902906846417,0.4982096254825592
535,0.1440107825522518,0.5013097524642944
536,0.1502255891207599,0.5156192183494568
537,0.1564344650402298,0.5174092054367065
538,0.1626371651948856,0.5033894777297974
539,0.168833444712732,0.4937627911567688
540,0.1750230589752773,0.5025411248207092
541,0.1812057636271417,0.5108805894851685
542,0.1873813145857251,0.5080671906471252
543,0.1935494680508638,0.5255052447319031
544,0.1997099805144067,0.5323156714439392
545,0.2058626087698841,0.5384432673454285
546,0.2120071099220536,0.5207016468048096
547,0.2181432413965446,0.5324689745903015
548,0.2242707609493794,0.5103651285171509
549,0.2303894266765918,0.5267084240913391
550,0.23649899702372898,0.5515944361686707
551,0.2425992307954079,0.5457648634910583
552,0.2486898871648583,0.535663902759552
553,0.2547707256833819,0.5493038892745972
554,0.2608415062898997,0.5219144225120544
555,0.2669019893203745,0.5341694951057434
556,0.2729519355173273,0.5575397610664368
557,0.2789911060392275,0.5531527400016785
558,0.2850192624699774,0.5595556497573853
559,0.2910361668282761,0.5584641695022583
560,0.2970415815770355,0.5553094148635864
561,0.3030352696327775,0.5416720509529114
562,0.3090169943749472,0.5507491230964661
563,0.3149865196553076,0.5534341335296631
564,0.3209436098072085,0.546710729598999
565,0.3268880296549445,0.5626549124717712
566,0.3328195445229849,0.560732364654541
567,0.3387379202452927,0.5500162243843079
568,0.3446429231745213,0.5621707439422607
569,0.3505343201912596,0.5678120255470276
570,0.35641187871325425,0.5623946189880371
571,0.3622753667045455,0.5608364939689636
572,0.36812455268468075,0.5795890092849731
573,0.37395920573779956,0.5970732569694519
574,0.3797790955218031,0.5725876092910767
575,0.3855839922773949,0.5885701775550842
576,0.3913736668372037,0.5598835945129395
577,0.3971478906347848,0.5753485560417175
578,0.4029064357136632,0.5727373957633972
579,0.4086490747363525,0.5878965854644775
580,0.414375580993284,0.5838612914085388
581,0.420085728411809,0.5663042068481445
582,0.4257792915650718,0.5863338112831116
583,0.43145604568096096,0.5827645659446716
584,0.4371157666509314,0.5960980653762817
585,0.4427582310389029,0.5962151885032654
586,0.4483832160900364,0.5753859877586365
587,0.4539904997395474,0.578518271446228
588,0.45957986062149125,0.5987008810043335
589,0.46515107807745815,0.606546938419342
590,0.4707039321653353,0.5945147275924683
591,0.4762382036679383,0.6133338212966919
592,0.48175367410171727,0.5871604084968567
593,0.4872501257253309,0.6155009269714355
594,0.49272734154829284,0.607026219367981
595,0.4981851053394887,0.5946115851402283
596,0.5036232016357615,0.6059038639068604
597,0.5090414157503746,0.6314356327056885
598,0.5144395337815064,0.6006559133529663
599,0.5198173426207121,0.6067649126052856
600,0.5251746299612949,0.6053758263587952
601,0.530511184306736,0.6158317923545837
602,0.5358267949789952,0.6245510578155518
603,0.5411212521268771,0.6027722358703613
604,0.5463943467342671,0.6014118194580078
605,0.5516458706284308,0.6230190992355347
606,0.5568756164881913,0.6109544038772583
607,0.5620833778521306,0.6349144577980042
608,0.5672689491267591,0.609235405921936
609,0.5724321255945902,0.6369435787200928
610,0.5775727034222695,0.6253042221069336
611,0.5826904796685748,0.6086265444755554
612,0.5877852522924744,0.6125850677490234
613,0.5928568201610573,0.6284508109092712
614,0.5979049830575195,0.6154172420501709
615,0.6029295416890279,0.5932051539421082
616,0.6079302976946054,0.44089362025260925
617,0.612907053652979,0.44574910402297974
618,0.6178596130903338,0.46335503458976746
619,0.6227877804881143,0.4511337876319885
620,0.6276913612906992,0.44645312428474426
621,0.6325701619131257,0.4559003412723541
622,0.6374239897486879,0.4820100665092468
623,0.642252653176585,0.47484299540519714
624,0.6470559615694473,0.4808197617530823
625,0.6518337253008788,0.4875126779079437
626,0.6565857557529589,0.47991451621055603
627,0.6613118653236513,0.5059196352958679
628,0.6660118674342534,0.4829685688018799
629,0.6706855765367189,0.5063172578811646
630,0.6753328081210257,0.49793490767478943
631,0.6799533787224175,0.5005856156349182
632,0.6845471059286893,0.5151512026786804
633,0.6891138083873514,0.5166485905647278
634,0.693653305812805,0.5025533437728882
635,0.698165418993475,0.49293074011802673
636,0.7026499697988488,0.501599133014679
637,0.7071067811865493,0.5104739665985107
638,0.7115356772092842,0.5075346231460571
639,0.7159364830218323,0.5251278281211853
640,0.7203090248879053,0.5314317345619202
641,0.7246531301870472,0.5370730757713318
642,0.7289686274214142,0.5197859406471252
643,0.7332553462225601,0.5315138101577759
644,0.7375131173581762,0.5099119544029236
645,0.7417417727387388,0.5259643197059631
646,0.7459411454241838,0.5510557293891907
647,0.7501110696304586,0.5454286932945251
648,0.7542513807361049,0.5345178842544556
649,0.7583619152887204,0.5488972663879395
650,0.7624425110114484,0.520959734916687
651,0.7664930068093526,0.5333911776542664
652,0.7705132427757895,0.5569067001342773
653,0.7745030601987359,0.5523315668106079
654,0.778462301567023,0.5586696267127991
655,0.7823908105765897,0.5578303337097168
656,0.786288432136618,0.5545902848243713
657,0.7901550123756915,0.5404545068740845
658,0.7939903986478339,0.5500026941299438
659,0.7977944395385715,0.552466630935669
660,0.8015669848708791,0.5457220077514648
661,0.8053078857111222,0.5621488690376282
662,0.8090169943749493,0.5601263046264648
663,0.8126941644330936,0.5489316582679749
664,0.8163392507171854,0.5615409016609192
665,0.8199521093254516,0.5672057271003723
666,0.8235325976284285,0.5618253350257874
667,0.8270805742745606,0.5597602725028992
668,0.8305958991958132,0.5782878994941711
669,0.8340784336131735,0.5963311195373535
670,0.837528040042142,0.5716463923454285
671,0.8409445822981708,0.5874773263931274
672,0.8443279255020149,0.5586158633232117
673,0.8476779360850845,0.5743176341056824
674,0.8509944817946913,0.571912944316864
675,0.8542774316992962,0.5873157382011414
676,0.8575266561936512,0.5831286907196045
677,0.8607420270039442,0.5652090311050415
678,0.8639234171928374,0.5853940844535828
679,0.8670707011644901,0.5817692875862122
680,0.8701837546695272,0.5951253175735474
681,0.8732624548099199,0.595379114151001
682,0.8763066800438648,0.5746888518333435
683,0.8793163101905557,0.5773420929908752
684,0.8822912264349543,0.5978501439094543
685,0.8852313113324543,0.6051709651947021
686,0.888136448813545,0.5932620763778687
687,0.8910065241883697,0.6123478412628174
688,0.8938414241512639,0.5859783887863159
689,0.8966410367852374,0.6145753264427185
690,0.8994052515663709,0.6057310700416565
691,0.902133959368204,0.5935916304588318
692,0.904827052466019,0.6049582362174988
693,0.9074844245411178,0.6304214000701904
694,0.9101059706849948,0.5995245575904846
695,0.9126915874035032,0.6055623888969421
696,0.9152411726209192,0.6044674515724182
697,0.9177546256839813,0.6149803996086121
698,0.9202318473658717,0.6239008903503418
699,0.9226727398701148,0.6013802289962769
700,0.925077206834459,0.6001034379005432
701,0.9274451533346608,0.6221542954444885
702,0.9297764858882519,0.6097440123558044
703,0.9320711124582103,0.6339806318283081
704,0.9343289424566124,0.6084072589874268
705,0.9365498867481937,0.6357908248901367
706,0.9387338576538741,0.6242012977600098
707,0.9408807689542268,0.6072999835014343
708,0.9429905358928644,0.6115418076515198
709,0.9450630751798056,0.6273592114448547
710,0.947098304994744,0.6140106916427612
711,0.9490961449902952,0.5923056602478027
712,0.951056516295153,0.4913051724433899
713,0.9529793415172192,0.49993398785591125
714,0.9548645447466443,0.5068545937538147
715,0.9567120515588304,0.5205318331718445
716,0.958521789017377,0.5091235041618347
717,0.9602936856769431,0.5272749066352844
718,0.9620276715860866,0.5321901440620422
719,0.9637236782900093,0.5325637459754944
720,0.9653816388332743,0.5522159934043884
721,0.9670014877624346,0.554301381111145
722,0.9685831611286314,0.5337358117103577
723,0.9701265964901069,0.5510209202766418
724,0.9716317329146741,0.5362469553947449
725,0.9730985109821274,0.5640903115272522
726,0.974526872786577,0.5547992587089539
727,0.975916761938748,0.5584720969200134
728,0.9772681235681933,0.5794306993484497
729,0.9785809043254725,0.5755027532577515
730,0.9798550523842464,0.5599827766418457
731,0.9810905174433344,0.5751054286956787
732,0.9822872507286896,0.5799122452735901
733,0.9834452049953296,0.5809421539306641
734,0.984564334529206,0.5795101523399353
735,0.9856445951489982,0.586287796497345
736,0.9866859442078684,0.6047106385231018
737,0.9876883405951375,0.6035679578781128
738,0.9886517447379143,0.5823165774345398
739,0.9895761186026508,0.5994288921356201
740,0.9904614256966513,0.5854422450065613
741,0.9913076310695073,0.5900218486785889
742,0.992114701314478,0.6179497241973877
743,0.992882604569814,0.6193897724151611
744,0.9936113105200084,0.6170751452445984
745,0.9943007903969993,0.6215010285377502
746,0.9949510169812998,0.6073645949363708
747,0.9955619646030803,0.6156021356582642
748,0.9961336091431724,0.6288765072822571
749,0.9966659280340299,0.6261480450630188
750,0.9971589002606145,0.6385082006454468
751,0.9976125063612252,0.6358373165130615
752,0.9980267284282718,0.6405272483825684
753,0.998401550108975,0.6237418055534363
754,0.9987369566060176,0.637258768081665
755,0.9990329346781248,0.6360218524932861
756,0.9992894726405891,0.6327993869781494
757,0.9995065603657315,0.644756555557251
758,0.9996841892833,0.6528890132904053
759,0.9998223523808092,0.6366644501686096
760,0.999921044203816,0.6607779860496521
761,0.9999802608561372,0.663827121257782
762,1.0,0.6611833572387695
763,0.9999802608561372,0.6595024466514587
764,0.999921044203816,0.6682093739509583
765,0.999822352380809,0.6912299394607544
766,0.9996841892833,0.6680123209953308
767,0.9995065603657315,0.6808328628540039
768,0.9992894726405891,0.6680871844291687
769,0.9990329346781248,0.6779400110244751
770,0.9987369566060174,0.6787071824073792
771,0.998401550108975,0.6831499338150024
772,0.9980267284282711,0.6930381655693054
773,0.9976125063612252,0.6779330372810364
774,0.9971589002606138,0.6912375092506409
775,0.9966659280340299,0.6935397982597351
776,0.9961336091431724,0.7025441527366638
777,0.9955619646030794,0.7019928693771362
778,0.9949510169812998,0.6990814805030823
779,0.9943007903969984,0.6815395355224609
780,0.9936113105200084,0.7099447846412659
781,0.9928826045698133,0.7051113247871399
782,0.992114701314478,0.7064123153686523
783,0.9913076310695065,0.7269687056541443
784,0.9904614256966513,0.6974694132804871
785,0.9895761186026508,0.7328841090202332
786,0.9886517447379133,0.7214972376823425
787,0.9876883405951375,0.7213178277015686
788,0.9866859442078676,0.725405752658844
789,0.9856445951489982,0.7473679780960083
790,0.9845643345292049,0.7262129187583923
791,0.9834452049953298,0.7359476685523987
792,0.9822872507286884,0.7312142848968506
793,0.9810905174433344,0.7429012656211853
794,0.9798550523842464,0.7495864033699036
795,0.9785809043254712,0.7356929779052734
796,0.9772681235681934,0.7386167645454407
797,0.9759167619387464,0.7542974352836609
798,0.9745268727865772,0.7382787466049194
799,0.973098510982126,0.760994017124176
800,0.9716317329146742,0.752815842628479
801,0.9701265964901052,0.7615126371383667
802,0.9685831611286316,0.7470778226852417
803,0.9670014877624348,0.7512694001197815
804,0.9653816388332728,0.7607241272926331
805,0.9637236782900096,0.767180860042572
806,0.9620276715860848,0.7594332695007324
807,0.9602936856769432,0.7402240633964539
808,0.9585217890173753,0.4926568567752838
809,0.9567120515588308,0.5017296671867371
810,0.9548645447466424,0.508381187915802
811,0.9529793415172192,0.5219382047653198
812,0.9510565162951532,0.5109225511550903
813,0.9490961449902932,0.5289114117622375
814,0.947098304994744,0.5334491729736328
815,0.9450630751798037,0.5333986282348633
816,0.9429905358928644,0.5551502108573914
817,0.9408807689542243,0.5566755533218384
818,0.9387338576538744,0.5355439186096191
819,0.9365498867481916,0.5533612966537476
820,0.9343289424566126,0.5368287563323975
821,0.9320711124582104,0.5672094225883484
822,0.9297764858882522,0.5561537742614746
823,0.927445153334661,0.5614494681358337
824,0.9250772068344565,0.5819357633590698
825,0.9226727398701148,0.5780649185180664
826,0.9202318473658692,0.5619692206382751
827,0.9177546256839816,0.5777455568313599
828,0.9152411726209166,0.5832481384277344
829,0.9126915874035033,0.5831257700920105
830,0.910105970684995,0.581960916519165
831,0.9074844245411179,0.5881417989730835
832,0.9048270524660191,0.6070473790168762
833,0.9021339593682012,0.6078510880470276
834,0.8994052515663712,0.5841434001922607
835,0.8966410367852344,0.6028546094894409
836,0.8938414241512641,0.5883714556694031
837,0.8910065241883668,0.5904226303100586
838,0.8881364488135453,0.6189779043197632
839,0.8852313113324545,0.6198176145553589
840,0.8822912264349544,0.6194950938224792
841,0.8793163101905559,0.6238553524017334
842,0.8763066800438617,0.6099157929420471
843,0.87326245480992,0.6173534393310547
844,0.870183754669524,0.6329183578491211
845,0.8670707011644904,0.6269227266311646
846,0.863923417192834,0.6404955387115479
847,0.8607420270039445,0.6369654536247253
848,0.8575266561936513,0.642253577709198
849,0.8542774316992965,0.6263782978057861
850,0.8509944817946914,0.6388400197029114
851,0.8476779360850812,0.6391921639442444
852,0.8443279255020152,0.6350067257881165
853,0.8409445822981674,0.6472659111022949
854,0.8375280400421421,0.6551247835159302
855,0.8340784336131698,0.6402984261512756
856,0.8305958991958134,0.664286732673645
857,0.8270805742745608,0.6653731465339661
858,0.8235325976284286,0.664539635181427
859,0.8199521093254518,0.6621510982513428
860,0.8163392507171816,0.6697291135787964
861,0.8126941644330938,0.6923104524612427
862,0.8090169943749456,0.6706835627555847
863,0.8053078857111223,0.6827749013900757
864,0.8015669848708751,0.6708396673202515
865,0.7977944395385719,0.6807990670204163
866,0.7939903986478342,0.6808104515075684
867,0.7901550123756917,0.685226321220398
868,0.7862884321366184,0.6947400569915771
869,0.7823908105765855,0.6802466511726379
870,0.7784623015670233,0.6949579119682312
871,0.7745030601987317,0.6957046389579773
872,0.7705132427757896,0.7056469917297363
873,0.7664930068093482,0.7049211859703064
874,0.7624425110114488,0.7015772461891174
875,0.7583619152887207,0.6837132573127747
876,0.7542513807361052,0.7124977111816406
877,0.7501110696304589,0.7063012719154358
878,0.7459411454241794,0.7085831165313721
879,0.741741772738739,0.7291868329048157
880,0.7375131173581716,0.6997464299201965
881,0.7332553462225603,0.7349305748939514
882,0.7289686274214097,0.7236436009407043
883,0.7246531301870475,0.722934365272522
884,0.7203090248879056,0.7285179495811462
885,0.7159364830218325,0.7505764961242676
886,0.7115356772092848,0.7285358309745789
887,0.7071067811865446,0.7390785217285156
888,0.7026499697988491,0.7342855930328369
889,0.6981654189934703,0.7444615960121155
890,0.6936533058128054,0.7522695660591125
891,0.6891138083873466,0.7384032607078552
892,0.6845471059286896,0.7418164610862732
893,0.6799533787224179,0.7570122480392456
894,0.675332808121026,0.7414566874504089
895,0.6706855765367192,0.7635095119476318
896,0.6660118674342485,0.7561120986938477
897,0.6613118653236517,0.7638393044471741
898,0.6565857557529539,0.7497181296348572
899,0.6518337253008791,0.7551212906837463
900,0.6470559615694423,0.7629667520523071
901,0.6422526531765854,0.7706018090248108
902,0.6374239897486883,0.7619249820709229
903,0.6325701619131261,0.7429448366165161
904,0.6276913612906997,0.49328410625457764
905,0.6227877804881092,0.502435028553009
906,0.6178596130903341,0.5088028311729431
907,0.6129070536529738,0.5233331918716431
908,0.6079302976946058,0.5120168328285217
909,0.6029295416890226,0.5294641256332397
910,0.5979049830575199,0.533460259437561
911,0.5928568201610577,0.5333038568496704
912,0.5877852522924748,0.555627703666687
913,0.5826904796685751,0.5574323534965515
914,0.5775727034222641,0.5362873077392578
915,0.5724321255945907,0.5546929836273193
916,0.5672689491267536,0.5373268723487854
917,0.562083377852131,0.5680161714553833
918,0.5568756164881857,0.5566790103912354
919,0.5516458706284313,0.5612782835960388
920,0.5463943467342675,0.5819782018661499
921,0.5411212521268776,0.5785050988197327
922,0.5358267949789957,0.5618792772293091
923,0.5305111843067304,0.5786282420158386
924,0.5251746299612954,0.5841940641403198
925,0.5198173426207064,0.5836986899375916
926,0.5144395337815069,0.5830290913581848
927,0.509041415750369,0.5877909660339355
928,0.5036232016357619,0.6078276038169861
929,0.4981851053394891,0.6082425117492676
930,0.49272734154829323,0.5859783291816711
931,0.4872501257253313,0.603274405002594
932,0.4817536741017115,0.5895339250564575
933,0.4762382036679388,0.5906172394752502
934,0.4707039321653294,0.6187480688095093
935,0.4651510780774587,0.6196128726005554
936,0.45957986062148537,0.6195667386054993
937,0.4539904997395478,0.6239144802093506
938,0.4483832160900304,0.6102527976036072
939,0.44275823103890327,0.6181686520576477
940,0.4371157666509318,0.6331354975700378
941,0.431456045680955,0.6273128986358643
942,0.4257792915650722,0.641078770160675
943,0.4200857284118029,0.6376990675926208
944,0.4143755809932845,0.6423450112342834
945,0.4086490747363465,0.6273214221000671
946,0.40290643571366364,0.6391129493713379
947,0.3971478906347787,0.6390865445137024
948,0.39137366683720426,0.6344751119613647
949,0.38558399227739537,0.6471365094184875
950,0.37977909552179695,0.655227780342102
951,0.3739592057378,0.6405109763145447
952,0.3681245526846746,0.6646232604980469
953,0.3622753667045459,0.6654881834983826
954,0.356411878713248,0.6643657088279724
955,0.3505343201912601,0.6626289486885071
956,0.3446429231745151,0.6691388487815857
957,0.3387379202452931,0.6923305988311768
958,0.3328195445229854,0.6713108420372009
959,0.3268880296549383,0.6831650137901306
960,0.320943609807209,0.6713218092918396
961,0.3149865196553013,0.681371808052063
962,0.3090169943749477,0.6806055307388306
963,0.3030352696327712,0.6853836178779602
964,0.2970415815770359,0.6952428817749023
965,0.2910361668282698,0.6801530122756958
966,0.2850192624699779,0.6941264867782593
967,0.278991106039228,0.6954535841941833
968,0.2729519355173209,0.7057065367698669
969,0.266901989320375,0.7047469615936279
970,0.2608415062898934,0.7012141942977905
971,0.2547707256833824,0.6844189763069153
972,0.24868988716485188,0.712783694267273
973,0.2425992307954084,0.70632004737854
974,0.2364989970237226,0.7089015245437622
975,0.23038942667659226,0.7283806204795837
976,0.22427076094937992,0.6999035477638245
977,0.2181432413965381,0.7348889708518982
978,0.21200710992205413,0.7245044708251953
979,0.2058626087698777,0.723343014717102
980,0.1997099805144072,0.7290164828300476
981,0.19354946805085732,0.7502359747886658
982,0.1873813145857256,0.7285458445549011
983,0.18120576362713522,0.7398872375488281
984,0.1750230589752778,0.7341145277023315
985,0.1688334447127325,0.7437418103218079
986,0.1626371651948791,0.7517657279968262
987,0.1564344650402302,0.7385386824607849
988,0.1502255891207533,0.7421178221702576
989,0.1440107825522523,0.756883442401886
990,0.1377902906846351,0.7416628003120422
991,0.1315643590922834,0.7635111212730408
992,0.125333233564302,0.7558024525642395
993,0.11909716009487138,0.7633413076400757
994,0.1128563848734802,0.7490615844726562
995,0.1066111542752553,0.7550727725028992
996,0.10036171485121419,0.7629310488700867
997,0.0941083133185105,0.7707595229148865
998,0.0878511965507433,0.7620114684104919
999,0.0815906115681545,0.7430185675621033
1000,0.0753268055279336,0.49328410625457764
1001,0.0690600257144035,0.502435028553009
1002,0.0627905195293151,0.5088028311729431
1003,0.056518534482023,0.5233331918716431
1004,0.0502443181797649,0.5120168328285217
1005,0.0439681183178642,0.5294641256332397
1006,0.0376901826699307,0.533460259437561
1007,0.0314107590781284,0.5333038568496704
1008,0.025130095443334402,0.555627703666687
1009,0.018848439715409,0.5574323534965515
1010,0.012566039883350298,0.5362873077392578
1011,0.0062831439655606,0.5546929836273193
1012,-1.4708141202500005e-15,0.5373268723487854
1013,-0.0062831439655635,0.5680161714553833
1014,-0.0125660398833532,0.5566790103912354
1015,-0.018848439715412,0.5612782835960388
1016,-0.0251300954433373,0.5819782018661499
1017,-0.0314107590781313,0.5785050988197327
1018,-0.0376901826699336,0.5618792772293091
1019,-0.0439681183178671,0.5786282420158386
1020,-0.050244318179767905,0.5841940641403198
1021,-0.056518534482026,0.5836986899375916
1022,-0.062790519529318,0.5830290913581848
1023,-0.0690600257144065,0.5877909660339355
1024,-0.0753268055279366,0.6078276038169861
1025,-0.0815906115681574,0.6082425117492676
1026,-0.0878511965507462,0.5859783291816711
1027,-0.0941083133185134,0.603274405002594
1028,-0.1003617148512172,0.5895339250564575
1029,-0.1066111542752583,0.5906172394752502
1030,-0.1128563848734832,0.6187480688095093
1031,-0.1190971600948744,0.6196128726005554
1032,-0.125333233564305,0.6195667386054993
1033,-0.1315643590922864,0.6239144802093506
1034,-0.137790290684638,0.6102527976036072
1035,-0.1440107825522552,0.6181686520576477
1036,-0.1502255891207562,0.6331354975700378
1037,-0.1564344650402332,0.6273128986358643
1038,-0.162637165194882,0.641078770160675
1039,-0.1688334447127354,0.6376990675926208
1040,-0.1750230589752737,0.6423450112342834
1041,-0.1812057636271381,0.6273214221000671
1042,-0.18738131458572851,0.6391129493713379
1043,-0.1935494680508602,0.6390865445137024
1044,-0.1997099805144101,0.6344751119613647
1045,-0.2058626087698805,0.6471365094184875
1046,-0.2120071099220569,0.655227780342102
1047,-0.218143241396541,0.6405109763145447
1048,-0.2242707609493827,0.6646232604980469
1049,-0.2303894266765883,0.6654881834983826
1050,-0.23649899702372537,0.6643657088279724
1051,-0.24259923079541126,0.6626289486885071
1052,-0.2486898871648548,0.6691388487815857
1053,-0.2547707256833852,0.6923305988311768
1054,-0.2608415062898962,0.6713108420372009
1055,-0.2669019893203779,0.6831650137901306
1056,-0.2729519355173238,0.6713218092918396
1057,-0.2789911060392308,0.681371808052063
1058,-0.2850192624699739,0.6806055307388306
1059,-0.2910361668282726,0.6853836178779602
1060,-0.2970415815770387,0.6952428817749023
1061,-0.303035269632774,0.6801530122756958
1062,-0.3090169943749505,0.6941264867782593
1063,-0.3149865196553041,0.6954535841941833
1064,-0.3209436098072118,0.7057065367698669
1065,-0.326888029654941,0.7047469615936279
1066,-0.3328195445229882,0.7012141942977905
1067,-0.3387379202452892,0.6844189763069153
1068,-0.3446429231745179,0.712783694267273
1069,-0.3505343201912628,0.70632004737854
1070,-0.35641187871325075,0.7089015245437622
1071,-0.36227536670454863,0.7283806204795837
1072,-0.36812455268467725,0.6999035477638245
1073,-0.3739592057378028,0.7348889708518982
1074,-0.3797790955217998,0.7245044708251953
1075,-0.38558399227739804,0.723343014717102
1076,-0.3913736668372004,0.7290164828300476
1077,-0.3971478906347814,0.7502359747886658
1078,-0.4029064357136664,0.7285458445549011
1079,-0.4086490747363491,0.7398872375488281
1080,-0.4143755809932871,0.7341145277023315
1081,-0.42008572841180575,0.7437418103218079
1082,-0.4257792915650749,0.7517657279968262
1083,-0.4314560456809577,0.7385386824607849
1084,-0.4371157666509345,0.7421178221702576
1085,-0.4427582310388995,0.756883442401886
1086,-0.4483832160900331,0.7416628003120422
1087,-0.4539904997395504,0.7635111212730408
1088,-0.45957986062148803,0.7558024525642395
1089,-0.4651510780774613,0.7633413076400757
1090,-0.470703932165332,0.7490615844726562
1091,-0.47623820366794123,0.7550727725028992
1092,-0.48175367410171394,0.7629310488700867
1093,-0.4872501257253339,0.7707595229148865
1094,-0.4927273415482896,0.7620114684104919
1095,-0.4981851053394917,0.7430185675621033
1096,-0.5036232016357645,0.49328410625457764
1097,-0.5090414157503714,0.502435028553009
1098,-0.5144395337815093,0.5088028311729431
1099,-0.519817342620709,0.5233331918716431
1100,-0.5251746299612979,0.5120168328285217
1101,-0.5305111843067329,0.5294641256332397
1102,-0.5358267949789981,0.533460259437561
1103,-0.541121252126874,0.5333038568496704
1104,-0.5463943467342699,0.555627703666687
1105,-0.5516458706284337,0.5574323534965515
1106,-0.5568756164881882,0.5362873077392578
1107,-0.5620833778521334,0.5546929836273193
1108,-0.5672689491267561,0.5373268723487854
1109,-0.572432125594593,0.5680161714553833
1110,-0.5775727034222665,0.5566790103912354
1111,-0.5826904796685776,0.5612782835960388
1112,-0.5877852522924715,0.5819782018661499
1113,-0.5928568201610601,0.5785050988197327
1114,-0.5979049830575223,0.5618792772293091
1115,-0.6029295416890249,0.5786282420158386
1116,-0.6079302976946082,0.5841940641403198
1117,-0.612907053652976,0.5836986899375916
1118,-0.6178596130903364,0.5830290913581848
1119,-0.6227877804881115,0.5877909660339355
1120,-0.6276913612907019,0.6078276038169861
1121,-0.6325701619131229,0.6082425117492676
1122,-0.6374239897486905,0.5859783291816711
1123,-0.6422526531765876,0.603274405002594
1124,-0.6470559615694446,0.5895339250564575
1125,-0.6518337253008814,0.5906172394752502
1126,-0.6565857557529561,0.6187480688095093
1127,-0.6613118653236539,0.6196128726005554
1128,-0.6660118674342507,0.6195667386054993
1129,-0.6706855765367215,0.6239144802093506
1130,-0.6753328081210229,0.6102527976036072
1131,-0.67995337872242,0.6181686520576477
1132,-0.6845471059286918,0.6331354975700378
1133,-0.6891138083873487,0.6273128986358643
1134,-0.6936533058128075,0.641078770160675
1135,-0.6981654189934724,0.6376990675926208
1136,-0.7026499697988511,0.6423450112342834
1137,-0.7071067811865467,0.6273214221000671
1138,-0.7115356772092867,0.6391129493713379
1139,-0.7159364830218298,0.6390865445137024
1140,-0.7203090248879078,0.6344751119613647
1141,-0.7246531301870496,0.6471365094184875
1142,-0.7289686274214118,0.655227780342102
1143,-0.7332553462225624,0.6405109763145447
1144,-0.7375131173581737,0.6646232604980469
1145,-0.7417417727387411,0.6654881834983826
1146,-0.7459411454241813,0.6643657088279724
1147,-0.7501110696304607,0.6626289486885071
1148,-0.7542513807361025,0.6691388487815857
1149,-0.7583619152887227,0.6923305988311768
1150,-0.7624425110114507,0.6713108420372009
1151,-0.7664930068093501,0.6831650137901306
1152,-0.7705132427757915,0.6713218092918396
1153,-0.7745030601987336,0.681371808052063
1154,-0.7784623015670252,0.6806055307388306
1155,-0.7823908105765874,0.6853836178779602
1156,-0.7862884321366203,0.6952428817749023
1157,-0.7901550123756891,0.6801530122756958
1158,-0.793990398647836,0.6941264867782593
1159,-0.7977944395385738,0.6954535841941833
1160,-0.801566984870877,0.7057065367698669
1161,-0.8053078857111241,0.7047469615936279
1162,-0.8090169943749472,0.7012141942977905
1163,-0.8126941644330955,0.6844189763069153
1164,-0.8163392507171833,0.712783694267273
1165,-0.8199521093254535,0.70632004737854
1166,-0.8235325976284265,0.7089015245437622
1167,-0.8270805742745624,0.7283806204795837
1168,-0.8305958991958151,0.6999035477638245
1169,-0.8340784336131715,0.7348889708518982
1170,-0.8375280400421437,0.7245044708251953
1171,-0.8409445822981689,0.723343014717102
1172,-0.8443279255020167,0.7290164828300476
1173,-0.8476779360850826,0.7502359747886658
1174,-0.850994481794693,0.7285458445549011
1175,-0.854277431699294,0.7398872375488281
1176,-0.857526656193653,0.7341145277023315
1177,-0.8607420270039459,0.7437418103218079
1178,-0.8639234171928356,0.7517657279968262
1179,-0.8670707011644919,0.7385386824607849
1180,-0.8701837546695256,0.7421178221702576
1181,-0.8732624548099217,0.756883442401886
1182,-0.8763066800438629,0.7416628003120422
1183,-0.8793163101905572,0.7635111212730408
1184,-0.8822912264349524,0.7558024525642395
1185,-0.8852313113324558,0.7633413076400757
1186,-0.8881364488135466,0.7490615844726562
1187,-0.8910065241883681,0.7550727725028992
1188,-0.8938414241512654,0.7629310488700867
1189,-0.8966410367852358,0.7707595229148865
1190,-0.8994052515663723,0.7620114684104919
1191,-0.9021339593682023,0.7430185675621033
1192,-0.9048270524660205,0.48704999685287476
1193,-0.9074844245411162,0.49061357975006104
1194,-0.9101059706849961,0.496858149766922
1195,-0.9126915874035046,0.5169429183006287
1196,-0.9152411726209178,0.49759697914123535
1197,-0.9177546256839826,0.5242887735366821
1198,-0.9202318473658704,0.5259087085723877
1199,-0.922672739870116,0.5318024158477783
1200,-0.9250772068344576,0.5522340536117554
1201,-0.9274451533346622,0.5549119114875793
1202,-0.9297764858882508,0.533180296421051
1203,-0.9320711124582116,0.5480966567993164
1204,-0.9343289424566137,0.5301584601402283
1205,-0.9365498867481924,0.5620378851890564
1206,-0.9387338576538754,0.5536386370658875
1207,-0.9408807689542256,0.5465294122695923
1208,-0.9429905358928655,0.5718474984169006
1209,-0.9450630751798045,0.5697516798973083
1210,-0.9470983049947451,0.5439457297325134
1211,-0.949096144990294,0.5657870173454285
1212,-0.951056516295154,0.5700258612632751
1213,-0.9529793415172202,0.5761731266975403
1214,-0.9548645447466432,0.5767274498939514
1215,-0.9567120515588315,0.5793203115463257
1216,-0.9585217890173758,0.6050775051116943
1217,-0.960293685676944,0.6068845391273499
1218,-0.9620276715860856,0.581183135509491
1219,-0.9637236782900104,0.5973511338233948
1220,-0.9653816388332734,0.5810938477516174
1221,-0.9670014877624353,0.5802847146987915
1222,-0.9685831611286324,0.6082639694213867
1223,-0.9701265964901061,0.6142973303794861
1224,-0.9716317329146749,0.6176995635032654
1225,-0.9730985109821265,0.6134644746780396
1226,-0.9745268727865778,0.606626570224762
1227,-0.9759167619387472,0.6113651394844055
1228,-0.977268123568194,0.6159006357192993
1229,-0.9785809043254717,0.6227763891220093
1230,-0.9798550523842472,0.6347789168357849
1231,-0.981090517443335,0.6275349259376526
1232,-0.9822872507286888,0.6319189071655273
1233,-0.9834452049953304,0.6192638278007507
1234,-0.9845643345292052,0.629693865776062
1235,-0.9856445951489986,0.6321625113487244
1236,-0.9866859442078681,0.6302310228347778
1237,-0.987688340595138,0.6396597027778625
1238,-0.9886517447379135,0.6500470042228699
1239,-0.9895761186026512,0.628974437713623
1240,-0.990461425696652,0.6473382115364075
1241,-0.9913076310695067,0.6556715369224548
1242,-0.9921147013144784,0.6530215740203857
1243,-0.9928826045698136,0.6579105854034424
1244,-0.993611310520009,0.6623518466949463
1245,-0.9943007903969987,0.6826261878013611
1246,-0.9949510169813004,0.6568568348884583
1247,-0.99556196460308,0.6685433983802795
1248,-0.9961336091431726,0.6641265153884888
1249,-0.9966659280340304,0.6694782376289368
1250,-0.9971589002606139,0.6771692037582397
1251,-0.9976125063612253,0.6693806052207947
1252,-0.9980267284282717,0.682219922542572
1253,-0.9984015501089752,0.6709265112876892
1254,-0.9987369566060176,0.680854320526123
1255,-0.9990329346781248,0.6839759945869446
1256,-0.9992894726405891,0.701382040977478
1257,-0.9995065603657315,0.6990596652030945
1258,-0.9996841892833,0.6956591606140137
1259,-0.9998223523808092,0.6771541237831116
1260,-0.9999210442038162,0.7004227042198181
1261,-0.9999802608561372,0.7039127945899963
1262,-1.0,0.69759202003479
1263,-0.9999802608561372,0.7203394174575806
1264,-0.999921044203816,0.6961154341697693
1265,-0.9998223523808092,0.7246208190917969
1266,-0.9996841892833,0.7128331065177917
1267,-0.9995065603657315,0.7101544141769409
1268,-0.9992894726405891,0.7237011790275574
1269,-0.9990329346781246,0.7461764812469482
1270,-0.9987369566060176,0.7159340977668762
1271,-0.9984015501089747,0.7335497736930847
1272,-0.9980267284282717,0.7256900668144226
1273,-0.9976125063612251,0.7353238463401794
1274,-0.9971589002606139,0.7434393167495728
1275,-0.9966659280340298,0.7341246008872986
1276,-0.9961336091431726,0.7334771156311035
1277,-0.99556196460308,0.7501500844955444
1278,-0.9949510169812996,0.7368741035461426
1279,-0.9943007903969987,0.7552408576011658
1280,-0.993611310520008,0.747647762298584
1281,-0.9928826045698136,0.7506279349327087
1282,-0.9921147013144777,0.7422590851783752
1283,-0.9913076310695067,0.7500701546669006
1284,-0.9904614256966511,0.7511647343635559
1285,-0.9895761186026512,0.7621367573738098
1286,-0.9886517447379138,0.7530694007873535
1287,-0.9876883405951372,0.7372113466262817
1288,-0.9866859442078681,0.44060686230659485
1289,-0.9856445951489976,0.48985105752944946
1290,-0.9845643345292054,0.5007143020629883
1291,-0.9834452049953292,0.49787506461143494
1292,-0.9822872507286888,0.45195960998535156
1293,-0.9810905174433338,0.47742289304733276
1294,-0.9798550523842472,0.5020957589149475
1295,-0.978580904325472,0.49588456749916077
1296,-0.9772681235681926,0.5190136432647705
1297,-0.9759167619387472,0.5156047940254211
1298,-0.9745268727865762,0.48961663246154785
1299,-0.9730985109821267,0.5289942026138306
1300,-0.9716317329146733,0.5003153085708618
1301,-0.9701265964901061,0.5265770554542542
1302,-0.9685831611286305,0.5188648700714111
1303,-0.9670014877624356,0.512184202671051
1304,-0.9653816388332735,0.5406294465065002
1305,-0.9637236782900085,0.5383517146110535
1306,-0.9620276715860858,0.5080297589302063
1307,-0.9602936856769422,0.5082045793533325
1308,-0.9585217890173761,0.5110829472541809
1309,-0.9567120515588297,0.5349067449569702
1310,-0.9548645447466434,0.5255627036094666
1311,-0.9529793415172184,0.5438379049301147
1312,-0.9510565162951542,0.5439260601997375
1313,-0.9490961449902944,0.569916307926178
1314,-0.9470983049947427,0.5266008377075195
1315,-0.9450630751798047,0.5194995403289795
1316,-0.9429905358928631,0.5067384839057922
1317,-0.9408807689542256,0.5264414548873901
1318,-0.9387338576538732,0.559020459651947
1319,-0.9365498867481928,0.5565176010131836
1320,-0.9343289424566112,0.547402560710907
1321,-0.9320711124582116,0.5792891979217529
1322,-0.929776485888251,0.5222622156143188
1323,-0.9274451533346596,0.542434573173523
1324,-0.9250772068344582,0.5726666450500488
1325,-0.9226727398701134,0.5548492670059204
1326,-0.9202318473658704,0.5580459237098694
1327,-0.91775462568398,0.5675733089447021
1328,-0.9152411726209181,0.5608657002449036
1329,-0.912691587403502,0.5424036979675293
1330,-0.9101059706849964,0.5648341178894043
1331,-0.9074844245411166,0.5449947118759155
1332,-0.9048270524660176,0.5510824918746948
1333,-0.9021339593682028,0.5566262602806091
1334,-0.8994052515663695,0.5720634460449219
1335,-0.896641036785236,0.5611733794212341
1336,-0.8938414241512626,0.5832867622375488
1337,-0.8910065241883685,0.5784029960632324
1338,-0.8881364488135437,0.5657373666763306
1339,-0.8852313113324561,0.5687206983566284
1340,-0.8822912264349526,0.5801729559898376
1341,-0.8793163101905542,0.620500385761261
1342,-0.8763066800438635,0.5596094727516174
1343,-0.8732624548099185,0.6013274788856506
1344,-0.8701837546695259,0.5678066611289978
1345,-0.8670707011644887,0.5670769810676575
1346,-0.8639234171928359,0.5911604762077332
1347,-0.8607420270039426,0.597069501876831
1348,-0.8575266561936532,0.5893608927726746
1349,-0.8542774316992946,0.5732929706573486
1350,-0.8509944817946897,0.5849367380142212
1351,-0.8476779360850831,0.5990921258926392
1352,-0.8443279255020133,0.6059085726737976
1353,-0.8409445822981693,0.6028220653533936
1354,-0.8375280400421402,0.5944570899009705
1355,-0.8340784336131718,0.58526611328125
1356,-0.8305958991958116,0.5917608141899109
1357,-0.8270805742745629,0.6087379455566406
1358,-0.8235325976284267,0.5868361592292786
1359,-0.8199521093254498,0.6030213236808777
1360,-0.8163392507171838,0.5949380993843079
1361,-0.8126941644330917,0.6224273443222046
1362,-0.8090169943749477,0.6178611516952515
1363,-0.8053078857111203,0.5982274413108826
1364,-0.8015669848708773,0.5867469310760498
1365,-0.7977944395385698,0.636023759841919
1366,-0.7939903986478366,0.6113616228103638
1367,-0.7901550123756896,0.6161293983459473
1368,-0.7862884321366161,0.6129396557807922
1369,-0.782390810576588,0.6255244612693787
1370,-0.7784623015670211,0.6231605410575867
1371,-0.774503060198734,0.6206119060516357
1372,-0.7705132427757876,0.6134502291679382
1373,-0.7664930068093507,0.6301968693733215
1374,-0.7624425110114466,0.6142758727073669
1375,-0.7583619152887231,0.6319284439086914
1376,-0.754251380736103,0.6233407258987427
1377,-0.7501110696304565,0.6256927251815796
1378,-0.7459411454241819,0.6183292269706726
1379,-0.7417417727387369,0.6122972369194031
1380,-0.7375131173581742,0.6226435303688049
1381,-0.7332553462225582,0.6251111626625061
1382,-0.7289686274214124,0.6167271733283997
1383,-0.7246531301870454,0.6163531541824341
1384,-0.720309024887908,0.44008761644363403
1385,-0.7159364830218304,0.4891206622123718
1386,-0.7115356772092822,0.5001169443130493
1387,-0.7071067811865471,0.4974256157875061
1388,-0.7026499697988466,0.4523240029811859
1389,-0.6981654189934728,0.47645333409309387
1390,-0.6936533058128029,0.5011236667633057
1391,-0.6891138083873493,0.4951963722705841
1392,-0.6845471059286872,0.5181107521057129
1393,-0.6799533787224206,0.5147174596786499
1394,-0.6753328081210235,0.488913893699646
1395,-0.6706855765367167,0.528278112411499
1396,-0.6660118674342512,0.5002302527427673
1397,-0.6613118653236492,0.525489091873169
1398,-0.6565857557529566,0.5182506442070007
1399,-0.6518337253008766,0.5114719867706299
1400,-0.6470559615694451,0.5406090021133423
1401,-0.6422526531765828,0.537257730960846
1402,-0.6374239897486911,0.5072548389434814
1403,-0.6325701619131234,0.5079087018966675
1404,-0.627691361290697,0.510737955570221
1405,-0.6227877804881121,0.5341245532035828
1406,-0.6178596130903314,0.5252012014389038
1407,-0.6129070536529767,0.5432230234146118
1408,-0.607930297694603,0.5432119965553284
1409,-0.6029295416890255,0.5684534907341003
1410,-0.5979049830575172,0.5260948538780212
1411,-0.5928568201610607,0.518665611743927
1412,-0.587785252292472,0.5068541765213013
1413,-0.5826904796685723,0.5259599685668945
1414,-0.5775727034222671,0.5584460496902466
1415,-0.5724321255945878,0.5558918118476868
1416,-0.5672689491267566,0.5463435053825378
1417,-0.5620833778521281,0.578445315361023
1418,-0.5568756164881888,0.5211747884750366
1419,-0.5516458706284284,0.5416316986083984
1420,-0.5463943467342706,0.5728340744972229
1421,-0.5411212521268747,0.5544646382331848
1422,-0.5358267949789928,0.5573066473007202
1423,-0.5305111843067335,0.5672991275787354
1424,-0.5251746299612925,0.5605015158653259
1425,-0.5198173426207097,0.5416057109832764
1426,-0.5144395337815039,0.5639143586158752
1427,-0.5090414157503721,0.5439705848693848
1428,-0.5036232016357589,0.5505087971687317
1429,-0.49818510533949234,0.5558285713195801
1430,-0.4927273415482903,0.571479082107544
1431,-0.48725012572532833,0.5605351328849792
1432,-0.4817536741017147,0.582932710647583
1433,-0.4762382036679357,0.5781660079956055
1434,-0.47070393216533263,0.5655112862586975
1435,-0.4651510780774556,0.5681765079498291
1436,-0.4595798606214886,0.5790993571281433
1437,-0.4539904997395448,0.619875431060791
1438,-0.4483832160900338,0.5587895512580872
1439,-0.4427582310389002,0.600701630115509
1440,-0.4371157666509287,0.5668688416481018
1441,-0.4314560456809583,0.5662888288497925
1442,-0.42577929156506916,0.5900678634643555
1443,-0.42008572841180625,0.5969805717468262
1444,-0.4143755809932813,0.58890300989151
1445,-0.4086490747363498,0.5726234316825867
1446,-0.4029064357136606,0.5844608545303345
1447,-0.3971478906347821,0.5980804562568665
1448,-0.39137366683720093,0.6050264239311218
1449,-0.38558399227739215,0.6019367575645447
1450,-0.37977909552180045,0.5937427878379822
1451,-0.3739592057377968,0.5845715403556824
1452,-0.368124552684678,0.5912856459617615
1453,-0.36227536670454275,0.6079649329185486
1454,-0.3564118787132515,0.5855562090873718
1455,-0.3505343201912568,0.6022648811340332
1456,-0.3446429231745185,0.594134509563446
1457,-0.3387379202452899,0.6217513084411621
1458,-0.3328195445229822,0.6170318126678467
1459,-0.3268880296549417,0.5977562069892883
1460,-0.3209436098072057,0.5861095190048218
1461,-0.3149865196553048,0.6351677179336548
1462,-0.3090169943749444,0.6103933453559875
1463,-0.3030352696327747,0.6152470111846924
1464,-0.2970415815770326,0.6123898029327393
1465,-0.2910361668282734,0.6246839761734009
1466,-0.2850192624699746,0.6222743391990662
1467,-0.2789911060392247,0.6195065975189209
1468,-0.2729519355173245,0.6124652624130249
1469,-0.2669019893203717,0.6292712092399597
1470,-0.2608415062898969,0.6131991147994995
1471,-0.2547707256833791,0.6313191652297974
1472,-0.24868988716485552,0.6226503252983093
1473,-0.2425992307954051,0.6247599124908447
1474,-0.2364989970237262,0.6172188520431519
1475,-0.230389426676589,0.6110439300537109
1476,-0.2242707609493765,0.6219481229782104
1477,-0.2181432413965417,0.6240307688713074
1478,-0.2120071099220507,0.6158967614173889
1479,-0.2058626087698812,0.6154054999351501
1480,-0.1997099805144039,0.5100030899047852
1481,-0.19354946805086087,0.5416637063026428
1482,-0.1873813145857222,0.5465593934059143
1483,-0.18120576362713883,0.546067476272583
1484,-0.1750230589752744,0.5306224822998047
1485,-0.1688334447127361,0.5523545145988464
1486,-0.1626371651948827,0.5525075793266296
1487,-0.1564344650402269,0.5623258352279663
1488,-0.1502255891207569,0.5792946815490723
1489,-0.1440107825522489,0.57956862449646
1490,-0.1377902906846387,0.562972903251648
1491,-0.13156435909228,0.5854108929634094
1492,-0.1253332335643057,0.5772985219955444
1493,-0.119097160094868,0.5719557404518127
1494,-0.1128563848734839,0.5826365351676941
1495,-0.10661115427525898,0.5875721573829651
1496,-0.1003617148512108,0.6146393418312073
1497,-0.0941083133185142,0.5994646549224854
1498,-0.0878511965507399,0.5822346806526184
1499,-0.0815906115681582,0.5976915955543518
1500,-0.0753268055279302,0.6078748106956482
1501,-0.0690600257144072,0.6165285706520081
1502,-0.0627905195293116,0.5983117818832397
1503,-0.0565185344820267,0.6191235184669495
1504,-0.0502443181797686,0.6256579756736755
1505,-0.0439681183178608,0.6378719806671143
1506,-0.0376901826699343,0.6097983121871948
1507,-0.0314107590781249,0.6171698570251465
1508,-0.0251300954433381,0.5978639125823975
1509,-0.0188484397154056,0.6183577179908752
1510,-0.012566039883354,0.63124680519104
1511,-0.0062831439655572,0.6380232572555542
1512,-2.204364238465236e-15,0.631802499294281
1513,0.0062831439655599,0.660629153251648
1514,0.0125660398833567,0.628503143787384
1515,0.0188484397154083,0.6402045488357544
1516,0.0251300954433408,0.663791298866272
1517,0.0314107590781276,0.6490758061408997
1518,0.037690182669937,0.6591331362724304
1519,0.0439681183178635,0.6664220690727234
1520,0.0502443181797713,0.6633078455924988
1521,0.05651853448202229,0.6418415307998657
1522,0.0627905195293143,0.6552853584289551
1523,0.0690600257144099,0.6463698744773865
1524,0.0753268055279329,0.6519713401794434
1525,0.0815906115681609,0.6579612493515015
1526,0.0878511965507426,0.6695118546485901
1527,0.0941083133185168,0.6656291484832764
1528,0.10036171485121348,0.6907932162284851
1529,0.1066111542752617,0.6919971108436584
1530,0.1128563848734795,0.6829515099525452
1531,0.1190971600948707,0.6763112545013428
1532,0.1253332335643084,0.6954517960548401
1533,0.1315643590922827,0.7145498991012573
1534,0.1377902906846414,0.6879292726516724
1535,0.1440107825522516,0.7077507972717285
1536,0.1502255891207596,0.6866921782493591
1537,0.1564344650402295,0.699130117893219
1538,0.1626371651948854,0.6958432197570801
1539,0.1688334447127318,0.7152523994445801
1540,0.1750230589752771,0.7058154940605164
1541,0.1812057636271415,0.6906875371932983
1542,0.1873813145857249,0.6942272782325745
1543,0.1935494680508636,0.7172777056694031
1544,0.1997099805144065,0.7270166277885437
1545,0.2058626087698839,0.7261332273483276
1546,0.2120071099220533,0.7223786115646362
1547,0.2181432413965443,0.7111434936523438
1548,0.2242707609493791,0.7172565460205078
1549,0.2303894266765916,0.7329497933387756
1550,0.23649899702372879,0.7196786403656006
1551,0.2425992307954077,0.7365939021110535
1552,0.2486898871648581,0.7175037264823914
1553,0.2547707256833817,0.7502967715263367
1554,0.2608415062898995,0.7517096996307373
1555,0.2669019893203743,0.7331590056419373
1556,0.272951935517327,0.7275913953781128
1557,0.2789911060392273,0.7631722688674927
1558,0.2850192624699772,0.7504620552062988
1559,0.2910361668282759,0.7630770802497864
1560,0.2970415815770352,0.7542290687561035
1561,0.3030352696327773,0.7629461884498596
1562,0.309016994374947,0.7622442841529846
1563,0.3149865196553074,0.7625823616981506
1564,0.3209436098072083,0.7592190504074097
1565,0.3268880296549443,0.7733902931213379
1566,0.3328195445229847,0.7600914835929871
1567,0.3387379202452925,0.7725018858909607
1568,0.3446429231745211,0.7763074040412903
1569,0.3505343201912593,0.7697253227233887
1570,0.35641187871325397,0.7691630125045776
1571,0.3622753667045453,0.7674291729927063
1572,0.3681245526846805,0.7796236276626587
1573,0.3739592057377993,0.7767248749732971
1574,0.3797790955218029,0.7698732614517212
1575,0.3855839922773947,0.7610878348350525
1576,0.3913736668372035,0.5124490261077881
1577,0.3971478906347846,0.5444651246070862
1578,0.402906435713663,0.5484713315963745
1579,0.4086490747363523,0.5475286245346069
1580,0.41437558099328387,0.5358747243881226
1581,0.4200857284118088,0.5546213388442993
1582,0.42577929156507155,0.5536441206932068
1583,0.43145604568096085,0.5646076202392578
1584,0.4371157666509311,0.5820010304450989
1585,0.4427582310389026,0.582074761390686
1586,0.4483832160900362,0.5665433406829834
1587,0.4539904997395472,0.589180052280426
1588,0.459579860621491,0.5804515480995178
1589,0.46515107807745804,0.5751051306724548
1590,0.470703932165335,0.5842662453651428
1591,0.4762382036679381,0.5925594568252563
1592,0.481753674101717,0.6174168586730957
1593,0.4872501257253306,0.6021971106529236
1594,0.4927273415482927,0.5867974162101746
1595,0.4981851053394946,0.6032765507698059
1596,0.5036232016357612,0.613090991973877
1597,0.5090414157503744,0.6203145384788513
1598,0.5144395337815062,0.6021112203598022
1599,0.5198173426207119,0.6215335726737976
1600,0.5251746299612948,0.6290704607963562
1601,0.5305111843067358,0.6406000256538391
1602,0.535826794978995,0.6129953861236572
1603,0.5411212521268769,0.6242768168449402
1604,0.5463943467342728,0.6044360995292664
1605,0.5516458706284306,0.6216822862625122
1606,0.5568756164881911,0.6328281164169312
1607,0.5620833778521304,0.6399782299995422
1608,0.5672689491267588,0.6349368095397949
1609,0.57243212559459,0.6633471846580505
1610,0.5775727034222693,0.6320337057113647
1611,0.5826904796685746,0.6436383128166199
1612,0.5877852522924742,0.6693129539489746
1613,0.5928568201610629,0.6530243754386902
1614,0.5979049830575193,0.663364827632904
1615,0.6029295416890277,0.6704469323158264
1616,0.6079302976946052,0.6676451563835144
1617,0.6129070536529788,0.6482170224189758
1618,0.6178596130903335,0.6570656299591064
1619,0.6227877804881142,0.6510624289512634
1620,0.627691361290699,0.6572659015655518
1621,0.6325701619131255,0.6618122458457947
1622,0.6374239897486932,0.6726760268211365
1623,0.6422526531765849,0.6721111536026001
1624,0.6470559615694471,0.6950266361236572
1625,0.6518337253008786,0.6962404847145081
1626,0.6565857557529586,0.6882099509239197
1627,0.6613118653236512,0.6825750470161438
1628,0.6660118674342532,0.6999071836471558
1629,0.6706855765367187,0.716077983379364
1630,0.6753328081210255,0.6937341690063477
1631,0.6799533787224226,0.7107372879981995
1632,0.6845471059286892,0.6916940808296204
1633,0.6891138083873511,0.704616367816925
1634,0.6936533058128048,0.6990274786949158
1635,0.6981654189934748,0.718680202960968
1636,0.7026499697988485,0.7087740898132324
1637,0.7071067811865491,0.695495069026947
1638,0.7115356772092841,0.6982995271682739
1639,0.7159364830218321,0.7201693654060364
1640,0.7203090248879099,0.7308667898178101
1641,0.7246531301870472,0.7309520244598389
1642,0.7289686274214141,0.727203905582428
1643,0.7332553462225601,0.7148759365081787
1644,0.7375131173581758,0.7209335565567017
1645,0.7417417727387385,0.7362291216850281
1646,0.7459411454241837,0.723331093788147
1647,0.7501110696304584,0.7419135570526123
1648,0.7542513807361048,0.7221909761428833
1649,0.7583619152887249,0.7542210221290588
1650,0.7624425110114482,0.756639838218689
1651,0.7664930068093523,0.7373625636100769
1652,0.7705132427757891,0.73328697681427
1653,0.7745030601987356,0.7677799463272095
1654,0.7784623015670229,0.7550677061080933
1655,0.7823908105765895,0.7682437896728516
1656,0.7862884321366178,0.7599815130233765
1657,0.7901550123756913,0.7660996913909912
1658,0.7939903986478382,0.7668364644050598
1659,0.7977944395385713,0.7671310305595398
1660,0.8015669848708789,0.763822078704834
1661,0.8053078857111219,0.7775809168815613
1662,0.8090169943749493,0.7647927403450012
1663,0.8126941644330935,0.777502715587616
1664,0.8163392507171852,0.7813425660133362
1665,0.8199521093254514,0.774452805519104
1666,0.8235325976284283,0.77485591173172
1667,0.8270805742745645,0.7736150026321411
1668,0.8305958991958129,0.7842316031455994
1669,0.8340784336131734,0.7814869284629822
1670,0.8375280400421417,0.7744365930557251
1671,0.8409445822981708,0.7663574814796448
1672,0.8443279255020146,0.5119755268096924
1673,0.8476779360850845,0.5442783832550049
1674,0.8509944817946911,0.5482873916625977
1675,0.8542774316992959,0.548018753528595
1676,0.8575266561936546,0.537908673286438
1677,0.860742027003944,0.554118275642395
1678,0.8639234171928374,0.5526610612869263
1679,0.86707070116449,0.5641012787818909
1680,0.8701837546695272,0.5817978978157043
1681,0.8732624548099198,0.5813623070716858
1682,0.8763066800438647,0.5666534900665283
1683,0.8793163101905555,0.5897230505943298
1684,0.8822912264349541,0.581089973449707
1685,0.8852313113324575,0.5751080513000488
1686,0.8881364488135449,0.5842351913452148
1687,0.8910065241883697,0.5917090177536011
1688,0.8938414241512639,0.6173456311225891
1689,0.8966410367852373,0.6017270684242249
1690,0.8994052515663706,0.5864588618278503
1691,0.902133959368204,0.603821873664856
1692,0.9048270524660189,0.6131718754768372
1693,0.9074844245411177,0.6204204559326172
1694,0.9101059706849975,0.6029343605041504
1695,0.9126915874035032,0.6201070547103882
1696,0.9152411726209192,0.6291508078575134
1697,0.9177546256839813,0.6394084692001343
1698,0.9202318473658717,0.6134591698646545
1699,0.9226727398701146,0.6242300271987915
1700,0.9250772068344589,0.6059445738792419
1701,0.9274451533346608,0.6221674084663391
1702,0.9297764858882519,0.6316328644752502
1703,0.9320711124582103,0.6394802927970886
1704,0.9343289424566124,0.6345807909965515
1705,0.9365498867481936,0.6632007956504822
1706,0.938733857653874,0.6319045424461365
1707,0.9408807689542266,0.6436338424682617
1708,0.9429905358928642,0.6698534488677979
1709,0.9450630751798056,0.6528517007827759
1710,0.9470983049947438,0.6636098623275757
1711,0.9490961449902952,0.671051561832428
1712,0.9510565162951528,0.6678854823112488
1713,0.9529793415172192,0.6487765312194824
1714,0.9548645447466442,0.6560519933700562
1715,0.9567120515588304,0.6506218314170837
1716,0.9585217890173768,0.6565130352973938
1717,0.9602936856769428,0.6617180705070496
1718,0.9620276715860866,0.6723124980926514
1719,0.9637236782900093,0.671848714351654
1720,0.9653816388332743,0.6943730115890503
1721,0.9670014877624344,0.6964806318283081
1722,0.9685831611286314,0.6877100467681885
1723,0.9701265964901069,0.6830283403396606
1724,0.9716317329146741,0.6995481252670288
1725,0.9730985109821273,0.7147947549819946
1726,0.974526872786577,0.693821907043457
1727,0.975916761938748,0.7105212807655334
1728,0.9772681235681933,0.6924198865890503
1729,0.9785809043254725,0.7043940424919128
1730,0.9798550523842464,0.6985889077186584
1731,0.9810905174433344,0.718718409538269
1732,0.9822872507286896,0.7085713148117065
1733,0.9834452049953296,0.6955683827400208
1734,0.984564334529206,0.6972081661224365
1735,0.9856445951489982,0.7200998663902283
1736,0.9866859442078684,0.7304253578186035
1737,0.9876883405951375,0.7301005125045776
1738,0.9886517447379143,0.7264827489852905
1739,0.9895761186026508,0.7148751020431519
1740,0.9904614256966513,0.7202707529067993
1741,0.9913076310695073,0.7361730337142944
1742,0.992114701314478,0.7228649854660034
1743,0.992882604569814,0.7410745024681091
1744,0.9936113105200084,0.7216159701347351
1745,0.9943007903969993,0.7538982629776001
1746,0.9949510169812998,0.7567331790924072
1747,0.9955619646030803,0.7369343638420105
1748,0.9961336091431724,0.7337417006492615
1749,0.9966659280340299,0.7673777937889099
1750,0.9971589002606145,0.7548497319221497
1751,0.9976125063612252,0.7685434818267822
1752,0.9980267284282718,0.7600389719009399
1753,0.998401550108975,0.7650401592254639
1754,0.9987369566060176,0.7664791345596313
1755,0.9990329346781248,0.7665992975234985
1756,0.9992894726405891,0.7634327411651611
1757,0.9995065603657315,0.7771030068397522
1758,0.9996841892833,0.76467365026474
1759,0.9998223523808092,0.777031660079956
1760,0.999921044203816,0.7807245254516602
1761,0.9999802608561372,0.7734458446502686
1762,1.0,0.7742977142333984
1763,0.9999802608561372,0.7734119296073914
1764,0.999921044203816,0.7840571403503418
1765,0.999822352380809,0.7815653085708618
1766,0.9996841892833,0.7737698554992676
1767,0.9995065603657315,0.7656140327453613
1768,0.9992894726405891,0.5119756460189819
1769,0.9990329346781248,0.5442783832550049
1770,0.9987369566060174,0.5482873916625977
1771,0.998401550108975,0.548018753528595
1772,0.9980267284282711,0.537908673286438
1773,0.9976125063612252,0.5541183352470398
1774,0.9971589002606138,0.5526610612869263
1775,0.9966659280340299,0.5641012787818909
1776,0.9961336091431724,0.5817978978157043
1777,0.9955619646030794,0.5813623070716858
1778,0.9949510169813002,0.5666534304618835
1779,0.9943007903969984,0.5897230505943298
1780,0.9936113105200084,0.581089973449707
1781,0.9928826045698134,0.5751080513000488
1782,0.992114701314478,0.5842351317405701
1783,0.9913076310695065,0.5917089581489563
1784,0.9904614256966516,0.6173454523086548
1785,0.9895761186026508,0.6017270088195801
1786,0.9886517447379134,0.5864588618278503
1787,0.9876883405951375,0.603821873664856
1788,0.9866859442078676,0.6131718754768372
1789,0.9856445951489982,0.6204204559326172
1790,0.9845643345292049,0.6029343605041504
1791,0.98344520499533,0.6201070547103882
1792,0.9822872507286884,0.6291508078575134
1793,0.9810905174433344,0.6394082903862
1794,0.9798550523842466,0.6134591698646545
1795,0.9785809043254712,0.6242300271987915
1796,0.9772681235681934,0.6059444546699524
1797,0.9759167619387468,0.6221675276756287
1798,0.9745268727865772,0.6316327452659607
1799,0.973098510982126,0.6394802927970886
1800,0.9716317329146742,0.6345807909965515
1801,0.9701265964901052,0.6632007956504822
1802,0.9685831611286316,0.6319045424461365
1803,0.9670014877624348,0.6436337232589722
1804,0.9653816388332728,0.6698534488677979
1805,0.9637236782900096,0.6528517007827759
1806,0.9620276715860848,0.6636098623275757
1807,0.9602936856769432,0.671051561832428
1808,0.9585217890173753,0.6678854823112488
1809,0.9567120515588308,0.6487765312194824
1810,0.9548645447466424,0.6560519933700562
1811,0.9529793415172194,0.6506218314170837
1812,0.9510565162951532,0.6565130949020386
1813,0.9490961449902932,0.6617182493209839
1814,0.947098304994744,0.6723124980926514
1815,0.9450630751798037,0.6718485951423645
1816,0.9429905358928644,0.6943727731704712
1817,0.9408807689542243,0.6964806318283081
1818,0.9387338576538744,0.6877100467681885
1819,0.9365498867481916,0.6830283403396606
1820,0.9343289424566128,0.6995481252670288
1821,0.9320711124582104,0.7147947549819946
1822,0.9297764858882498,0.693821907043457
1823,0.9274451533346612,0.7105212807655334
1824,0.9250772068344565,0.692419707775116
1825,0.9226727398701148,0.7043942213058472
1826,0.9202318473658692,0.6985889077186584
1827,0.9177546256839816,0.718718409538269
1828,0.9152411726209168,0.7085713148117065
1829,0.9126915874035036,0.6955683827400208
1830,0.9101059706849952,0.6972081661224365
1831,0.907484424541115,0.7200998663902283
1832,0.9048270524660191,0.7304251790046692
1833,0.9021339593682012,0.7301005125045776
1834,0.8994052515663712,0.7264827489852905
1835,0.8966410367852344,0.7148751020431519
1836,0.8938414241512641,0.7202707529067993
1837,0.8910065241883669,0.7361730337142944
1838,0.8881364488135454,0.7228649854660034
1839,0.8852313113324545,0.7410745024681091
1840,0.8822912264349511,0.7216159701347351
1841,0.8793163101905559,0.7538982629776001
1842,0.8763066800438618,0.7567331790924072
1843,0.8732624548099203,0.7369343638420105
1844,0.8701837546695244,0.7337417006492615
1845,0.8670707011644906,0.7673777937889099
1846,0.8639234171928342,0.7548497915267944
1847,0.8607420270039445,0.7685434818267822
1848,0.8575266561936515,0.7600389719009399
1849,0.8542774316992928,0.7650403380393982
1850,0.8509944817946915,0.7664791345596313
1851,0.8476779360850812,0.7665992975234985
1852,0.8443279255020152,0.7634327411651611
1853,0.8409445822981674,0.7771030068397522
1854,0.8375280400421422,0.76467365026474
1855,0.8340784336131699,0.7770314812660217
1856,0.8305958991958136,0.7807245254516602
1857,0.827080574274561,0.773445725440979
1858,0.8235325976284249,0.7742977142333984
1859,0.8199521093254518,0.7734119296073914
1860,0.8163392507171817,0.7840571403503418
1861,0.8126941644330942,0.7815653085708618
1862,0.8090169943749457,0.7737698554992676
1863,0.8053078857111224,0.7656140327453613
1864,0.8015669848708752,0.5120775699615479
1865,0.797794439538572,0.5443828701972961
1866,0.7939903986478344,0.5483921766281128
1867,0.7901550123756875,0.5481235384941101
1868,0.7862884321366185,0.5380128026008606
1869,0.7823908105765858,0.5542234778404236
1870,0.7784623015670235,0.5527660846710205
1871,0.7745030601987318,0.5642073154449463
1872,0.7705132427757897,0.5819051861763
1873,0.7664930068093483,0.5814695358276367
1874,0.7624425110114489,0.5667596459388733
1875,0.758361915288721,0.5898309946060181
1876,0.7542513807361009,0.5811974406242371
1877,0.750111069630459,0.5752150416374207
1878,0.7459411454241796,0.5843425989151001
1879,0.7417417727387392,0.591816782951355
1880,0.7375131173581718,0.6174555420875549
1881,0.7332553462225606,0.6018359065055847
1882,0.7289686274214099,0.5865666270256042
1883,0.7246531301870478,0.6039309501647949
1884,0.7203090248879059,0.6132813692092896
1885,0.7159364830218279,0.6205308437347412
1886,0.7115356772092848,0.6030434966087341
1887,0.7071067811865448,0.6202173233032227
1888,0.7026499697988492,0.6292617321014404
1889,0.6981654189934704,0.6395201683044434
1890,0.6936533058128056,0.6135688424110413
1891,0.6891138083873468,0.6243404746055603
1892,0.6845471059286898,0.6060536503791809
1893,0.679953378722418,0.6222779750823975
1894,0.6753328081210209,0.631743848323822
1895,0.6706855765367195,0.6395918726921082
1896,0.6660118674342487,0.6346921920776367
1897,0.6613118653236518,0.663314163684845
1898,0.6565857557529541,0.6320157647132874
1899,0.6518337253008794,0.6437457203865051
1900,0.6470559615694425,0.6699672937393188
1901,0.6422526531765855,0.6529642343521118
1902,0.6374239897486885,0.6637234091758728
1903,0.6325701619131208,0.6711657643318176
1904,0.6276913612906998,0.6679994463920593
1905,0.6227877804881093,0.6488888263702393
1906,0.6178596130903343,0.6561651229858398
1907,0.6129070536529739,0.6507341861724854
1908,0.6079302976946059,0.6566259860992432
1909,0.6029295416890228,0.6618316173553467
1910,0.59790498305752,0.6724267601966858
1911,0.5928568201610579,0.6719626784324646
1912,0.5877852522924693,0.6944887042045593
1913,0.5826904796685753,0.6965966820716858
1914,0.5775727034222643,0.6878253221511841
1915,0.5724321255945908,0.6831436157226562
1916,0.5672689491267539,0.6996644735336304
1917,0.5620833778521311,0.7149121761322021
1918,0.556875616488186,0.6939377188682556
1919,0.5516458706284315,0.7106382250785828
1920,0.5463943467342677,0.6925361156463623
1921,0.5411212521268718,0.7045108675956726
1922,0.5358267949789959,0.6987051963806152
1923,0.5305111843067306,0.7188361287117004
1924,0.5251746299612956,0.7086886167526245
1925,0.5198173426207067,0.695684552192688
1926,0.514439533781507,0.6973242163658142
1927,0.5090414157503692,0.7202177047729492
1928,0.5036232016357621,0.7305440306663513
1929,0.49818510533948923,0.7302190661430359
1930,0.4927273415482935,0.7266013622283936
1931,0.48725012572533155,0.7149926424026489
1932,0.48175367410171177,0.7203884124755859
1933,0.47623820366793895,0.7362921237945557
1934,0.4707039321653296,0.7229830622673035
1935,0.465151078077459,0.7411941885948181
1936,0.4595798606214856,0.7217342257499695
1937,0.45399049973954814,0.7540189027786255
1938,0.4483832160900307,0.7568538784980774
1939,0.4427582310389035,0.7370534539222717
1940,0.437115766650932,0.7338609099388123
1941,0.4314560456809552,0.7674991488456726
1942,0.4257792915650725,0.7549704313278198
1943,0.4200857284118032,0.7686650156974792
1944,0.4143755809932847,0.7601602673530579
1945,0.40864907473634665,0.7651616930961609
1946,0.4029064357136639,0.7666006088256836
1947,0.39714789063477896,0.7667209506034851
1948,0.3913736668372044,0.7635538578033447
1949,0.38558399227739565,0.7772253751754761
1950,0.3797790955217973,0.7647948265075684
1951,0.3739592057378002,0.7771539092063904
1952,0.36812455268467487,0.7808471322059631
1953,0.36227536670454624,0.773567795753479
1954,0.35641187871324836,0.7744197249412537
1955,0.3505343201912603,0.7735340595245361
1956,0.3446429231745153,0.7841800451278687
1957,0.3387379202452933,0.7816880345344543
1958,0.3328195445229857,0.7738919854164124
1959,0.3268880296549385,0.7657355666160583
1960,0.3209436098072092,0.509451687335968
1961,0.3149865196553015,0.5472176671028137
1962,0.3090169943749479,0.5424447655677795
1963,0.3030352696327715,0.5498301386833191
1964,0.2970415815770362,0.537630021572113
1965,0.2910361668282701,0.5545068383216858
1966,0.2850192624699781,0.5544732809066772
1967,0.2789911060392282,0.5668515563011169
1968,0.2729519355173211,0.5830572843551636
1969,0.2669019893203753,0.5800008177757263
1970,0.2608415062898936,0.5648435950279236
1971,0.2547707256833826,0.5964107513427734
1972,0.2486898871648522,0.5784786939620972
1973,0.2425992307954086,0.5778311491012573
1974,0.2364989970237228,0.5834543108940125
1975,0.2303894266765926,0.5859069228172302
1976,0.22427076094938006,0.6158753633499146
1977,0.21814324139653843,0.6045549511909485
1978,0.21200710992205427,0.5850263833999634
1979,0.2058626087698779,0.6028040051460266
1980,0.1997099805144074,0.607365071773529
1981,0.1935494680508576,0.6216338276863098
1982,0.1873813145857258,0.6022627949714661
1983,0.18120576362713542,0.6158006191253662
1984,0.175023058975278,0.6284546852111816
1985,0.1688334447127327,0.639194905757904
1986,0.1626371651948793,0.6151334047317505
1987,0.1564344650402305,0.6186547875404358
1988,0.1502255891207536,0.602080762386322
1989,0.1440107825522526,0.6178975105285645
1990,0.1377902906846353,0.6245658993721008
1991,0.1315643590922837,0.6411712169647217
1992,0.1253332335643023,0.6314980387687683
1993,0.1190971600948717,0.6607885360717773
1994,0.1128563848734805,0.6324732303619385
1995,0.1066111542752556,0.6418449878692627
1996,0.1003617148512145,0.6649916172027588
1997,0.0941083133185108,0.6523034572601318
1998,0.0878511965507435,0.6600900292396545
1999,0.0815906115681548,0.6652154922485352
2000,0.0753268055279339,0.6649036407470703
2001,0.0690600257144038,0.6459765434265137
2002,0.0627905195293153,0.6567723751068115
2003,0.0565185344820233,0.6482515335083008
2004,0.050244318179765206,0.6518613696098328
2005,0.0439681183178644,0.6570069193840027
2006,0.0376901826699309,0.6716281175613403
2007,0.0314107590781286,0.6631317734718323
2008,0.025130095443334603,0.6857638359069824
2009,0.0188484397154093,0.6893169283866882
2010,0.0125660398833506,0.678389847278595
2011,0.0062831439655608,0.6781789660453796
2012,-1.2258847604205302e-15,0.6923178434371948
2013,-0.0062831439655633,0.7022361755371094
2014,-0.012566039883353,0.6860155463218689
2015,-0.0188484397154117,0.6985929608345032
2016,-0.025130095443337098,0.6836778521537781
2017,-0.0314107590781311,0.6987482905387878
2018,-0.0376901826699334,0.694420576095581
2019,-0.0439681183178669,0.7037011981010437
2020,-0.0502443181797676,0.6953168511390686
2021,-0.0565185344820257,0.685459315776825
2022,-0.0627905195293177,0.6840347647666931
2023,-0.0690600257144062,0.7081471085548401
2024,-0.0753268055279363,0.7230851650238037
2025,-0.0815906115681572,0.7196218371391296
2026,-0.087851196550746,0.7191958427429199
2027,-0.0941083133185132,0.7062059044837952
2028,-0.10036171485121691,0.711784839630127
2029,-0.10661115427525801,0.7327787280082703
2030,-0.1128563848734829,0.7067890763282776
2031,-0.11909716009487409,0.7301002144813538
2032,-0.1253332335643047,0.7109989523887634
2033,-0.1315643590922861,0.7428657412528992
2034,-0.1377902906846378,0.7422547340393066
2035,-0.144010782552255,0.7292991280555725
2036,-0.150225589120756,0.7248985767364502
2037,-0.1564344650402329,0.7600545883178711
2038,-0.1626371651948817,0.7421748638153076
2039,-0.1688334447127351,0.7552717924118042
2040,-0.1750230589752804,0.7493829131126404
2041,-0.1812057636271379,0.754956066608429
2042,-0.18738131458572818,0.7552842497825623
2043,-0.19354946805086,0.7613553404808044
2044,-0.19970998051440977,0.7517977952957153
2045,-0.2058626087698803,0.7673863768577576
2046,-0.2120071099220567,0.7520878911018372
2047,-0.21814324139654076,0.7626485824584961
2048,-0.2242707609493825,0.7697598934173584
2049,-0.2303894266765949,0.7571475505828857
2050,-0.23649899702372518,0.7632623314857483
2051,-0.242599230795411,0.764370322227478
2052,-0.2486898871648546,0.77128005027771
2053,-0.254770725683385,0.7717806100845337
2054,-0.260841506289896,0.7627917528152466
2055,-0.2669019893203777,0.7531217932701111
2056,-0.2729519355173235,0.46334826946258545
2057,-0.2789911060392306,0.5150164365768433
2058,-0.2850192624699805,0.5041468739509583
2059,-0.2910361668282724,0.49049878120422363
2060,-0.2970415815770385,0.48516711592674255
2061,-0.3030352696327738,0.4928412139415741
2062,-0.3090169943749503,0.5032663345336914
2063,-0.3149865196553039,0.5058048367500305
2064,-0.3209436098072116,0.5203618407249451
2065,-0.3268880296549408,0.505160927772522
2066,-0.332819544522988,0.509017825126648
2067,-0.3387379202452957,0.5256370902061462
2068,-0.3446429231745176,0.5075478553771973
2069,-0.3505343201912625,0.5258247256278992
2070,-0.35641187871325064,0.5216412544250488
2071,-0.3622753667045485,0.5285253524780273
2072,-0.36812455268467714,0.5288484692573547
2073,-0.3739592057378025,0.5284953117370605
2074,-0.3797790955217995,0.5186447501182556
2075,-0.3855839922773978,0.5187321305274963
2076,-0.3913736668372066,0.5357566475868225
2077,-0.3971478906347812,0.5295131206512451
2078,-0.4029064357136662,0.5294742584228516
2079,-0.4086490747363489,0.5462905764579773
2080,-0.4143755809932869,0.5597438812255859
2081,-0.4200857284118054,0.5541425347328186
2082,-0.4257792915650747,0.5280243754386902
2083,-0.43145604568095736,0.5474135279655457
2084,-0.4371157666509342,0.522315502166748
2085,-0.4427582310389057,0.5402373671531677
2086,-0.44838321609003284,0.5564635396003723
2087,-0.45399049973955025,0.5463007092475891
2088,-0.45957986062148776,0.5418198108673096
2089,-0.4651510780774611,0.5730434060096741
2090,-0.4707039321653318,0.5276517868041992
2091,-0.47623820366794106,0.5434026122093201
2092,-0.48175367410171377,0.5521615743637085
2093,-0.48725012572533355,0.5669498443603516
2094,-0.4927273415482956,0.5717488527297974
2095,-0.4981851053394915,0.5803603529930115
2096,-0.5036232016357642,0.5646713972091675
2097,-0.5090414157503713,0.5524068474769592
2098,-0.5144395337815091,0.5447880625724792
2099,-0.5198173426207088,0.5436334013938904
2100,-0.5251746299612977,0.5562776923179626
2101,-0.5305111843067327,0.5483939051628113
2102,-0.535826794978998,0.5853385329246521
2103,-0.5411212521268798,0.5660641193389893
2104,-0.5463943467342698,0.5817660689353943
2105,-0.5516458706284335,0.5749018788337708
2106,-0.556875616488188,0.5618094801902771
2107,-0.5620833778521332,0.5720237493515015
2108,-0.5672689491267559,0.5926308035850525
2109,-0.5724321255945928,0.5980719327926636
2110,-0.5775727034222663,0.5637784600257874
2111,-0.5826904796685773,0.5788254141807556
2112,-0.587785252292477,0.5563526153564453
2113,-0.5928568201610599,0.5674917101860046
2114,-0.597904983057522,0.587665319442749
2115,-0.6029295416890247,0.5919991731643677
2116,-0.6079302976946079,0.5860353708267212
2117,-0.6129070536529759,0.564935564994812
2118,-0.6178596130903362,0.5803762674331665
2119,-0.6227877804881113,0.5854768753051758
2120,-0.6276913612907018,0.5936374068260193
2121,-0.6325701619131282,0.589287519454956
2122,-0.6374239897486904,0.6002004742622375
2123,-0.6422526531765874,0.5867491960525513
2124,-0.6470559615694443,0.575276255607605
2125,-0.6518337253008812,0.5897954106330872
2126,-0.6565857557529559,0.5808454155921936
2127,-0.6613118653236537,0.5999480485916138
2128,-0.6660118674342504,0.5863680839538574
2129,-0.6706855765367212,0.6048782467842102
2130,-0.675332808121028,0.6030754446983337
2131,-0.6799533787224199,0.5802313685417175
2132,-0.6845471059286916,0.5809204578399658
2133,-0.6891138083873486,0.6159751415252686
2134,-0.6936533058128073,0.6045979857444763
2135,-0.6981654189934722,0.6119800806045532
2136,-0.702649969798851,0.6071721911430359
2137,-0.7071067811865465,0.6084983944892883
2138,-0.7115356772092867,0.621471643447876
2139,-0.7159364830218344,0.6000617146492004
2140,-0.7203090248879075,0.5995461344718933
2141,-0.7246531301870494,0.6210126280784607
2142,-0.7289686274214116,0.5985680222511292
2143,-0.7332553462225622,0.6180410385131836
2144,-0.7375131173581735,0.6266830563545227
2145,-0.7417417727387409,0.616344690322876
2146,-0.7459411454241813,0.6177470088005066
2147,-0.7501110696304607,0.6053449511528015
2148,-0.7542513807361022,0.5990047454833984
2149,-0.7583619152887225,0.6051627397537231
2150,-0.7624425110114507,0.6026182174682617
2151,-0.7664930068093498,0.6021789908409119
2152,-0.7705132427757914,0.5312467813491821
2153,-0.7745030601987335,0.5626605153083801
2154,-0.7784623015670251,0.5656720399856567
2155,-0.7823908105765871,0.5603967905044556
2156,-0.78628843213662,0.5667380690574646
2157,-0.7901550123756891,0.5683010220527649
2158,-0.7939903986478359,0.5572510957717896
2159,-0.7977944395385735,0.5634548664093018
2160,-0.8015669848708766,0.5775910019874573
2161,-0.8053078857111241,0.5645557641983032
2162,-0.8090169943749471,0.577437698841095
2163,-0.8126941644330955,0.588986873626709
2164,-0.8163392507171832,0.581252932548523
2165,-0.8199521093254535,0.5759850740432739
2166,-0.8235325976284262,0.5792043805122375
2167,-0.8270805742745624,0.5963627099990845
2168,-0.830595899195815,0.6047565937042236
2169,-0.8340784336131714,0.5839490294456482
2170,-0.8375280400421435,0.5923721194267273
2171,-0.8409445822981688,0.612338125705719
2172,-0.8443279255020165,0.626507580280304
2173,-0.8476779360850826,0.599749743938446
2174,-0.8509944817946928,0.6141142845153809
2175,-0.854277431699294,0.6156386137008667
2176,-0.8575266561936528,0.6464576125144958
2177,-0.8607420270039458,0.6259979605674744
2178,-0.8639234171928355,0.6286420822143555
2179,-0.8670707011644919,0.6443166732788086
2180,-0.8701837546695255,0.6341427564620972
2181,-0.8732624548099215,0.6454372406005859
2182,-0.8763066800438629,0.6317514181137085
2183,-0.879316310190557,0.6336694359779358
2184,-0.8822912264349524,0.6312098503112793
2185,-0.8852313113324556,0.6519815325737
2186,-0.8881364488135465,0.6217724084854126
2187,-0.891006524188368,0.6447247862815857
2188,-0.8938414241512654,0.6583802103996277
2189,-0.8966410367852358,0.6619485020637512
2190,-0.8994052515663723,0.6612109541893005
2191,-0.9021339593682023,0.6790967583656311
2192,-0.9048270524660205,0.6781985759735107
2193,-0.907484424541116,0.6701223850250244
2194,-0.910105970684996,0.6452783346176147
2195,-0.9126915874035044,0.6548811197280884
2196,-0.9152411726209175,0.6749787926673889
2197,-0.9177546256839824,0.6726293563842773
2198,-0.92023184736587,0.6982149481773376
2199,-0.922672739870116,0.685459554195404
2200,-0.9250772068344576,0.6869354844093323
2201,-0.9274451533346619,0.6989206075668335
2202,-0.9297764858882508,0.6764282584190369
2203,-0.9320711124582114,0.6922589540481567
2204,-0.9343289424566137,0.7210137248039246
2205,-0.9365498867481924,0.7106853127479553
2206,-0.9387338576538752,0.6986458897590637
2207,-0.9408807689542252,0.6875835061073303
2208,-0.9429905358928655,0.6875436305999756
2209,-0.9450630751798045,0.702413022518158
2210,-0.9470983049947448,0.6921088695526123
2211,-0.949096144990294,0.7231147289276123
2212,-0.951056516295154,0.7074946165084839
2213,-0.95297934151722,0.6993036270141602
2214,-0.9548645447466432,0.7061994075775146
2215,-0.9567120515588315,0.7195990085601807
2216,-0.9585217890173755,0.7147635817527771
2217,-0.9602936856769438,0.713628888130188
2218,-0.9620276715860856,0.7189750671386719
2219,-0.9637236782900104,0.7294923067092896
2220,-0.9653816388332732,0.7143022418022156
2221,-0.9670014877624352,0.7349012494087219
2222,-0.9685831611286322,0.7168566584587097
2223,-0.9701265964901061,0.738854706287384
2224,-0.9716317329146749,0.7244760990142822
2225,-0.9730985109821265,0.7531611323356628
2226,-0.9745268727865778,0.7529167532920837
2227,-0.9759167619387472,0.7201358079910278
2228,-0.977268123568194,0.7369054555892944
2229,-0.9785809043254717,0.7605124711990356
2230,-0.9798550523842472,0.7475352883338928
2231,-0.981090517443335,0.767675518989563
2232,-0.9822872507286888,0.7632439136505127
2233,-0.9834452049953304,0.7582712769508362
2234,-0.9845643345292052,0.7724336981773376
2235,-0.9856445951489984,0.7468568086624146
2236,-0.9866859442078681,0.7443028092384338
2237,-0.987688340595138,0.7777801156044006
2238,-0.9886517447379135,0.7669987678527832
2239,-0.9895761186026512,0.7727596163749695
2240,-0.990461425696652,0.7868127226829529
2241,-0.9913076310695066,0.7730681300163269
2242,-0.9921147013144784,0.7886422872543335
2243,-0.9928826045698136,0.7646999955177307
2244,-0.993611310520009,0.7771913409233093
2245,-0.9943007903969987,0.7723979949951172
2246,-0.9949510169813004,0.7719839215278625
2247,-0.99556196460308,0.7645782828330994
2248,-0.9961336091431726,0.5365298986434937
2249,-0.9966659280340302,0.5656498074531555
2250,-0.9971589002606139,0.5695366859436035
2251,-0.9976125063612253,0.5655697584152222
2252,-0.9980267284282717,0.5728418231010437
2253,-0.9984015501089752,0.5738527774810791
2254,-0.9987369566060176,0.5617880821228027
2255,-0.9990329346781248,0.5683289170265198
2256,-0.9992894726405891,0.5820351839065552
2257,-0.9995065603657315,0.569085955619812
2258,-0.9996841892833,0.5823579430580139
2259,-0.999822352380809,0.5929710865020752
2260,-0.999921044203816,0.5860697627067566
2261,-0.9999802608561372,0.5796346664428711
2262,-1.0,0.5829493403434753
2263,-0.9999802608561372,0.6018679738044739
2264,-0.999921044203816,0.6102700233459473
2265,-0.9998223523808092,0.5881783366203308
2266,-0.9996841892833,0.5977656841278076
2267,-0.9995065603657314,0.6195021271705627
2268,-0.9992894726405891,0.6338827610015869
2269,-0.9990329346781246,0.6046491861343384
2270,-0.9987369566060176,0.6195579767227173
2271,-0.9984015501089747,0.620763897895813
2272,-0.9980267284282717,0.6525344252586365
2273,-0.9976125063612251,0.6313759684562683
2274,-0.9971589002606139,0.6354712843894958
2275,-0.9966659280340298,0.6515222191810608
2276,-0.996133609143172,0.6419245004653931
2277,-0.99556196460308,0.6522300839424133
2278,-0.9949510169812996,0.6362059116363525
2279,-0.9943007903969987,0.6392979621887207
2280,-0.993611310520008,0.6364604830741882
2281,-0.9928826045698137,0.6565762162208557
2282,-0.9921147013144777,0.628850519657135
2283,-0.9913076310695067,0.6513176560401917
2284,-0.9904614256966511,0.6661369204521179
2285,-0.9895761186026504,0.6680619120597839
2286,-0.9886517447379141,0.6673128008842468
2287,-0.9876883405951372,0.6854296922683716
2288,-0.9866859442078681,0.6847975850105286
2289,-0.9856445951489976,0.6781057715415955
2290,-0.9845643345292054,0.6517968773841858
2291,-0.9834452049953292,0.6631324887275696
2292,-0.9822872507286888,0.6845590472221375
2293,-0.9810905174433338,0.6802421808242798
2294,-0.979855052384246,0.7060137391090393
2295,-0.978580904325472,0.693854033946991
2296,-0.9772681235681926,0.6941816210746765
2297,-0.9759167619387474,0.7064993381500244
2298,-0.9745268727865762,0.6850262880325317
2299,-0.9730985109821267,0.7003436088562012
2300,-0.9716317329146734,0.729642927646637
2301,-0.9701265964901062,0.7180179357528687
2302,-0.9685831611286309,0.7080872058868408
2303,-0.967001487762434,0.6947513222694397
2304,-0.9653816388332735,0.6964859962463379
2305,-0.9637236782900088,0.7129284143447876
2306,-0.9620276715860862,0.6979159116744995
2307,-0.9602936856769422,0.7311803698539734
2308,-0.9585217890173762,0.7149202823638916
2309,-0.9567120515588297,0.7081755995750427
2310,-0.9548645447466434,0.7150462865829468
2311,-0.9529793415172184,0.7279267907142639
2312,-0.951056516295152,0.7230696082115173
2313,-0.9490961449902944,0.7230191230773926
2314,-0.947098304994743,0.7263969779014587
2315,-0.9450630751798047,0.7399958968162537
2316,-0.9429905358928634,0.7232827544212341
2317,-0.9408807689542258,0.7442044019699097
2318,-0.9387338576538732,0.7260010242462158
2319,-0.936549886748193,0.7483439445495605
2320,-0.9343289424566116,0.7343822121620178
2321,-0.9320711124582092,0.7628636956214905
2322,-0.9297764858882513,0.7628821134567261
2323,-0.9274451533346598,0.7296052575111389
2324,-0.9250772068344582,0.7469001412391663
2325,-0.9226727398701134,0.770030677318573
2326,-0.9202318473658706,0.7578052282333374
2327,-0.91775462568398,0.7787060141563416
2328,-0.9152411726209182,0.7735026478767395
2329,-0.9126915874035023,0.7685884833335876
2330,-0.9101059706849934,0.7835021615028381
2331,-0.9074844245411166,0.7571673393249512
2332,-0.9048270524660178,0.7534786462783813
2333,-0.9021339593682028,0.7880443930625916
2334,-0.8994052515663695,0.778400182723999
2335,-0.8966410367852362,0.7833129167556763
2336,-0.8938414241512628,0.797493040561676
2337,-0.8910065241883686,0.7839270830154419
2338,-0.8881364488135438,0.8008289933204651
2339,-0.8852313113324529,0.7749855518341064
2340,-0.8822912264349528,0.7887932658195496
2341,-0.8793163101905543,0.7843903303146362
2342,-0.8763066800438636,0.7835482358932495
2343,-0.8732624548099187,0.7758575677871704
2344,-0.870183754669526,0.5403108596801758
2345,-0.8670707011644887,0.5691588521003723
2346,-0.863923417192836,0.5730070471763611
2347,-0.8607420270039428,0.5687592625617981
2348,-0.8575266561936498,0.5781676173210144
2349,-0.8542774316992947,0.5775496363639832
2350,-0.8509944817946897,0.5650326013565063
2351,-0.8476779360850831,0.5708709359169006
2352,-0.8443279255020133,0.5854532718658447
2353,-0.8409445822981695,0.5722689628601074
2354,-0.8375280400421403,0.5867756009101868
2355,-0.8340784336131719,0.5972705483436584
2356,-0.8305958991958117,0.5893723964691162
2357,-0.8270805742745589,0.5830907821655273
2358,-0.8235325976284269,0.5867822170257568
2359,-0.81995210932545,0.606429398059845
2360,-0.8163392507171838,0.6133574843406677
2361,-0.8126941644330921,0.5917571783065796
2362,-0.8090169943749477,0.6024349331855774
2363,-0.8053078857111204,0.6250464916229248
2364,-0.8015669848708774,0.639677882194519
2365,-0.79779443953857,0.6082434058189392
2366,-0.7939903986478367,0.6243893504142761
2367,-0.7901550123756897,0.6239936351776123
2368,-0.7862884321366165,0.6570769548416138
2369,-0.782390810576588,0.6354721188545227
2370,-0.7784623015670213,0.6412878036499023
2371,-0.7745030601987343,0.6577972173690796
2372,-0.7705132427757876,0.6489593982696533
2373,-0.7664930068093507,0.6569536924362183
2374,-0.7624425110114467,0.6388421654701233
2375,-0.7583619152887231,0.6424508690834045
2376,-0.7542513807361032,0.6396865844726562
2377,-0.7501110696304568,0.6598988175392151
2378,-0.7459411454241821,0.6333884596824646
2379,-0.741741772738737,0.6557961702346802
2380,-0.7375131173581743,0.6724923253059387
2381,-0.7332553462225583,0.6724727749824524
2382,-0.7289686274214124,0.672157347202301
2383,-0.7246531301870454,0.6906366348266602
2384,-0.7203090248879084,0.6890920400619507
2385,-0.7159364830218304,0.6846565008163452
2386,-0.7115356772092823,0.655754566192627
2387,-0.7071067811865474,0.6684578657150269
2388,-0.7026499697988468,0.6898277997970581
2389,-0.6981654189934731,0.6853105425834656
2390,-0.693653305812803,0.7109960913658142
2391,-0.6891138083873494,0.700920820236206
2392,-0.6845471059286873,0.6993915438652039
2393,-0.6799533787224208,0.7115160226821899
2394,-0.6753328081210237,0.6909840703010559
2395,-0.6706855765367169,0.7059264183044434
2396,-0.6660118674342514,0.7353672385215759
2397,-0.6613118653236493,0.7208810448646545
2398,-0.6565857557529569,0.7141194343566895
2399,-0.6518337253008768,0.6984253525733948
2400,-0.6470559615694453,0.702508270740509
2401,-0.642252653176583,0.7195351719856262
2402,-0.6374239897486913,0.7017531991004944
2403,-0.6325701619131237,0.7366543412208557
2404,-0.6276913612906971,0.7189990282058716
2405,-0.6227877804881122,0.7139025926589966
2406,-0.6178596130903317,0.7200822830200195
2407,-0.6129070536529768,0.7329888343811035
2408,-0.6079302976946033,0.7275227308273315
2409,-0.6029295416890257,0.72819983959198
2410,-0.5979049830575174,0.7313337922096252
2411,-0.5928568201610609,0.7458053231239319
2412,-0.5877852522924722,0.728391170501709
2413,-0.5826904796685726,0.7494772672653198
2414,-0.5775727034222673,0.7310591340065002
2415,-0.572432125594588,0.7542436122894287
2416,-0.5672689491267568,0.740105390548706
2417,-0.5620833778521284,0.7683045268058777
2418,-0.5568756164881891,0.7691357731819153
2419,-0.5516458706284286,0.7353818416595459
2420,-0.5463943467342708,0.7538619637489319
2421,-0.5411212521268749,0.7757112383842468
2422,-0.535826794978993,0.7629608511924744
2423,-0.5305111843067337,0.7851104736328125
2424,-0.5251746299612927,0.7799590229988098
2425,-0.5198173426207098,0.7741023302078247
2426,-0.5144395337815041,0.7892448306083679
2427,-0.5090414157503723,0.7633081674575806
2428,-0.5036232016357591,0.7584627866744995
2429,-0.49818510533949245,0.793853759765625
2430,-0.4927273415482905,0.7848275899887085
2431,-0.48725012572532844,0.7883978486061096
2432,-0.4817536741017149,0.8042214512825012
2433,-0.4762382036679359,0.7899165749549866
2434,-0.4707039321653329,0.8074900507926941
2435,-0.4651510780774558,0.7824234366416931
2436,-0.4595798606214888,0.7948676943778992
2437,-0.453990499739545,0.7909412384033203
2438,-0.44838321609003406,0.7891650795936584
2439,-0.44275823103890033,0.7829559445381165
2440,-0.4371157666509288,0.5413507223129272
2441,-0.4314560456809586,0.5697072148323059
2442,-0.4257792915650694,0.5742490291595459
2443,-0.4200857284118066,0.5703322291374207
2444,-0.4143755809932816,0.5808557868003845
2445,-0.40864907473635015,0.5788068175315857
2446,-0.4029064357136608,0.5650323033332825
2447,-0.3971478906347823,0.5717430710792542
2448,-0.3913736668372012,0.5865399837493896
2449,-0.3855839922773925,0.5732454061508179
2450,-0.3797790955218006,0.588569700717926
2451,-0.373959205737797,0.5990920066833496
2452,-0.3681245526846782,0.5905249714851379
2453,-0.362275366704543,0.5838481187820435
2454,-0.3564118787132517,0.5881684422492981
2455,-0.3505343201912571,0.6068939566612244
2456,-0.3446429231745188,0.614643931388855
2457,-0.3387379202452901,0.5923041701316833
2458,-0.3328195445229824,0.6034129858016968
2459,-0.326888029654942,0.6269673109054565
2460,-0.320943609807206,0.6419979929924011
2461,-0.314986519655305,0.6099397540092468
2462,-0.3090169943749447,0.6266942024230957
2463,-0.303035269632775,0.624932050704956
2464,-0.2970415815770329,0.658664882183075
2465,-0.2910361668282736,0.6356761455535889
2466,-0.2850192624699748,0.6442679166793823
2467,-0.2789911060392249,0.6592333316802979
2468,-0.2729519355173247,0.6515353322029114
2469,-0.266901989320372,0.6586056351661682
2470,-0.2608415062898971,0.6396316289901733
2471,-0.2547707256833793,0.6438963413238525
2472,-0.2486898871648557,0.6413009762763977
2473,-0.24259923079540532,0.6612677574157715
2474,-0.2364989970237264,0.634512186050415
2475,-0.2303894266765892,0.6579473614692688
2476,-0.2242707609493767,0.67469322681427
2477,-0.2181432413965419,0.6740391254425049
2478,-0.212007109922051,0.6738632917404175
2479,-0.2058626087698815,0.6925908327102661
2480,-0.19970998051440408,0.6912984848022461
2481,-0.1935494680508612,0.6870377063751221
2482,-0.1873813145857225,0.6570281982421875
2483,-0.18120576362713897,0.6697809100151062
2484,-0.1750230589752746,0.69097900390625
2485,-0.1688334447127293,0.6871736645698547
2486,-0.162637165194883,0.7127230167388916
2487,-0.1564344650402271,0.7021905779838562
2488,-0.1502255891207572,0.7005651593208313
2489,-0.1440107825522492,0.7138324975967407
2490,-0.137790290684639,0.6922284960746765
2491,-0.1315643590922803,0.7081394791603088
2492,-0.1253332335643059,0.7373680472373962
2493,-0.1190971600948683,0.7220494151115417
2494,-0.11285638487347711,0.7159607410430908
2495,-0.1066111542752592,0.6998639106750488
2496,-0.1003617148512111,0.7047735452651978
2497,-0.0941083133185144,0.7214205861091614
2498,-0.0878511965507401,0.7032874822616577
2499,-0.0815906115681584,0.7382557988166809
2500,-0.0753268055279304,0.7206679582595825
2501,-0.0690600257144075,0.7156321406364441
2502,-0.0627905195293119,0.7208348512649536
2503,-0.0565185344820199,0.7351028323173523
2504,-0.05024431817976881,0.729016125202179
2505,-0.043968118317861,0.7288170456886292
2506,-0.0376901826699346,0.7333141565322876
2507,-0.0314107590781252,0.7472736239433289
2508,-0.0251300954433383,0.7301362156867981
2509,-0.0188484397154059,0.7515807151794434
2510,-0.0125660398833542,0.7329921722412109
2511,-0.0062831439655574,0.7556825876235962
